,ID,ESTIM_COST
0,10000,1439941.036581507
1,10001,3696155.604820408
2,10002,4466249.760726759
3,10003,16677333.855688572
4,10004,2838226.959675852
5,10005,2135562.974136692
6,10006,2183353.6487929546
7,10007,3076512.680256272
8,10008,1475954.88075766
9,10009,2922771.6806364586
10,10010,5415200.272177632
11,10011,1798032.4454079033
12,10012,1754631.4798772521
13,10013,2422347.980140132
14,10014,4767118.529042701
15,10015,5072416.978059932
16,10016,2602446.778174377
17,10017,6174056.747662822
18,10018,4680337.941265191
19,10019,2678502.5866975323
20,10020,2404915.0212954166
21,10021,2392864.3919579065
22,10022,3615993.347454694
23,10023,1880949.1261798055
24,10024,2305229.410780041
25,10025,2769138.994682581
26,10026,3426552.8160987925
27,10027,3319774.871403926
28,10028,4454573.552260792
29,10029,5246098.988868505
30,10030,2307389.9053998846
31,10031,2143026.361060602
32,10032,12278224.23667702
33,10033,3772170.9021511422
34,10034,3948163.834193802
35,10035,2146607.9624435594
36,10036,2777921.551540592
37,10037,2405872.3083237847
38,10038,1334627.0856656872
39,10039,1280662.4305526102
40,10040,2154528.188293448
41,10041,3067268.5636345223
42,10042,1527374.23533783
43,10043,1075627.7828870355
44,10044,2386456.1243739813
45,10045,972389.4100996642
46,10046,1414751.15045729
47,10047,4680337.941265191
48,10048,7557032.670119638
49,10049,2153743.9225641526
50,10050,2821823.617257179
51,10051,5332014.323154897
52,10052,3104519.1170067503
53,10053,4218364.413371249
54,10054,2584261.8272686
55,10055,1306439.1410327104
56,10056,4958942.0443664
57,10057,5835490.303415584
58,10058,1853462.2837296021
59,10059,2685208.0587181794
60,10060,2205494.7022694605
61,10061,3143454.8252070076
62,10062,6298752.741513919
63,10063,3741820.093496716
64,10064,1536414.308228355
65,10065,2309524.516823546
66,10066,2310429.825688201
67,10067,3509543.7483824696
68,10068,2990363.9193049823
69,10069,2424943.6672113556
70,10070,1683939.9900187897
71,10071,4088200.547143084
72,10072,2391645.2847201694
73,10073,2355160.822397012
74,10074,2532051.233137111
75,10075,2359006.471624434
76,10076,6388947.015787853
77,10077,3030210.778722433
78,10078,1648520.3281727375
79,10079,3082210.746737965
80,10080,2381032.654737909
81,10081,6548727.73374391
82,10082,2198971.575920901
83,10083,2377682.202878785
84,10084,3982184.3456971725
85,10085,2194305.9321311857
86,10086,2862606.4950354365
87,10087,2882655.5810719733
88,10088,2551729.6527369255
89,10089,2167889.754172749
90,10090,2241050.851817079
91,10091,2563780.2691036677
92,10092,989670.8674129902
93,10093,5661708.534242094
94,10094,2302072.595590279
95,10095,2067692.7761279033
96,10096,7140930.8606749
97,10097,2102508.942424935
98,10098,1768218.5989639848
99,10099,2530892.376059166
100,10100,3795339.8967882385
101,10101,1154261.348960646
102,10102,4047316.5346384514
103,10103,1317146.7290566086
104,10104,6130978.071454863
105,10105,3100382.360209986
106,10106,3586895.191771751
107,10107,2842668.011282461
108,10108,2793003.694315921
109,10109,2382242.8492884217
110,10110,4795352.857799747
111,10111,3146708.4376141555
112,10112,4593431.316642681
113,10113,1621653.6649784038
114,10114,3147793.582497077
115,10115,4558702.445026594
116,10116,2265075.1227079225
117,10117,2194973.447556132
118,10118,1066369.7654468587
119,10119,5651206.427222757
120,10120,2160469.2842124887
121,10121,6180350.092137856
122,10122,6132162.27020882
123,10123,4109075.4982549064
124,10124,1926575.8598874616
125,10125,2958279.914897273
126,10126,4730848.822222609
127,10127,2391207.194260933
128,10128,9629042.78478336
129,10129,1514144.7180340106
130,10130,2830087.5788152874
131,10131,2868902.8974595084
132,10132,2586476.869994992
133,10133,3689042.1654231506
134,10134,1920874.6225473853
135,10135,1828837.7888193713
136,10136,3661925.3879206204
137,10137,4528139.047629129
138,10138,3933931.5355507894
139,10139,4844300.859672141
140,10140,7473028.579112404
141,10141,1153796.9585344398
142,10142,1552819.5596968248
143,10143,3838984.7326486753
144,10144,1402673.42623015
145,10145,2910250.720909406
146,10146,2569021.5251474017
147,10147,2719349.955750387
148,10148,7011090.04068257
149,10149,2198622.4433497074
150,10150,3547770.092917444
151,10151,3259332.844265198
152,10152,2242281.9678472243
153,10153,2291288.006391565
154,10154,5205859.833309394
155,10155,1811491.252086639
156,10156,2690217.0274703368
157,10157,3021971.4433266763
158,10158,2900786.0539017124
159,10159,2326441.2899642917
160,10160,3222635.779069565
161,10161,5401178.622620419
162,10162,2897239.3440700094
163,10163,1222986.9201835298
164,10164,2545588.208999372
165,10165,2188921.212683835
166,10166,2721955.668973732
167,10167,1583545.6113622615
168,10168,4948797.539364802
169,10169,3143752.531542028
170,10170,1929570.8555627223
171,10171,2330626.037853503
172,10172,1214915.4768450363
173,10173,1698642.756721653
174,10174,1331892.208201621
175,10175,4904785.130717787
176,10176,2196339.6283342578
177,10177,4350798.292589573
178,10178,1546198.9828034267
179,10179,1196634.7848310734
180,10180,4322047.948735125
181,10181,2614268.6653428427
182,10182,4843532.1289377725
183,10183,1334179.3431981564
184,10184,6079867.515591762
185,10185,2712271.9921819475
186,10186,5372016.078330483
187,10187,2175295.561538572
188,10188,13762763.81172005
189,10189,2226604.630083759
190,10190,2187303.1822372857
191,10191,2362238.876982455
192,10192,5641846.459903115
193,10193,2242281.9678472243
194,10194,3236064.7642811583
195,10195,2813715.6490073786
196,10196,5305238.5315867495
197,10197,3456757.1396426866
198,10198,4280659.078181629
199,10199,1120238.9223330494
200,10200,4300550.918375773
201,10201,5328620.850012387
202,10202,14112271.360234495
203,10203,1142823.7919037952
204,10204,1826097.6278766955
205,10205,2468727.267075731
206,10206,2950304.573841892
207,10207,3391478.309454836
208,10208,3754864.443019722
209,10209,3714221.05234744
210,10210,2846835.585103728
211,10211,2477915.7441153945
212,10212,2346545.4921376826
213,10213,3999077.5827637995
214,10214,1932889.4111696556
215,10215,1135164.3879433593
216,10216,2243659.4201257946
217,10217,1906486.3912419064
218,10218,1782968.40758707
219,10219,1787246.5656786612
220,10220,2139130.3377240207
221,10221,2193150.9887009854
222,10222,1249501.9120383726
223,10223,2619560.3603204032
224,10224,3042913.6445607143
225,10225,2779849.072972206
226,10226,4354742.833078791
227,10227,2111038.925295601
228,10228,1736807.3479787882
229,10229,1334802.6150770285
230,10230,9067725.570352264
231,10231,4395385.999566337
232,10232,2693189.6944655254
233,10233,2349558.792184512
234,10234,3161154.4846264306
235,10235,1858095.0023210132
236,10236,4361891.85052208
237,10237,4769316.196502562
238,10238,4332867.477385614
239,10239,3121727.5779277342
240,10240,2359006.471624434
241,10241,2654257.537853387
242,10242,4709882.549312856
243,10243,3085912.922618353
244,10244,7924461.955634454
245,10245,3046881.8456175434
246,10246,6268083.584780503
247,10247,1534675.810855135
248,10248,2758362.338311782
249,10249,1759439.4364785494
250,10250,1619927.768362498
251,10251,3881041.2917617597
252,10252,4613048.895124462
253,10253,2786094.410079232
254,10254,3146708.4376141555
255,10255,5587041.9183718525
256,10256,1946647.7469520154
257,10257,2152623.028956096
258,10258,1938355.6687340406
259,10259,2943380.5621701945
260,10260,6615475.645843338
261,10261,3521054.012003108
262,10262,1262761.163861715
263,10263,1693439.6627863524
264,10264,8710287.723541118
265,10265,1962252.4990999252
266,10266,1672247.6876010306
267,10267,1436220.815377608
268,10268,2656392.149277049
269,10269,7423373.5781096155
270,10270,4044384.7413385874
271,10271,3016689.9794222596
272,10272,3032150.432554422
273,10273,3080215.9217285947
274,10274,2183353.6487929546
275,10275,2161351.4644686137
276,10276,2920010.832726617
277,10277,1405498.321954845
278,10278,1610088.664357274
279,10279,2360022.4453939823
280,10280,2733138.375094665
281,10281,3553407.163901657
282,10282,1969623.5952951373
283,10283,8348708.547108677
284,10284,4579402.281328832
285,10285,3193241.0680532283
286,10286,1198645.5925676797
287,10287,4157035.871565492
288,10288,3124272.433432854
289,10289,2617969.1436511404
290,10290,3484008.771693239
291,10291,2286220.018411552
292,10292,1956650.022901507
293,10293,4578456.3347857455
294,10294,2008892.571874025
295,10295,2091183.0531650614
296,10296,2257097.8296335535
297,10297,5525150.545718179
298,10298,5965894.539308167
299,10299,2140893.8653429355
300,10300,3325854.1497876914
301,10301,4437390.65691285
302,10302,1297350.0431147413
303,10303,8608077.99178227
304,10304,2954309.9481872753
305,10305,3169755.886700686
306,10306,3094296.692429866
307,10307,2124831.206272922
308,10308,3082210.746737965
309,10309,2520398.281387737
310,10310,1751558.7330407735
311,10311,2640382.115340153
312,10312,3825406.3436782057
313,10313,5235319.758256022
314,10314,5554311.65309266
315,10315,3339779.4925390175
316,10316,2101789.36719917
317,10317,2433648.6411654423
318,10318,1955699.447571667
319,10319,1294096.4307075934
320,10320,2849024.9283378916
321,10321,2808279.8025676967
322,10322,1806098.978876351
323,10323,1858146.9904219108
324,10324,1879828.9367740937
325,10325,3432420.589083281
326,10326,3993492.221091849
327,10327,3516209.929151902
328,10328,3519382.513044551
329,10329,8193454.60700174
330,10330,3203908.7729604044
331,10331,815119.6493273897
332,10332,1224144.222229501
333,10333,2783711.4859192977
334,10334,3882798.0622756146
335,10335,8298190.838755412
336,10336,1722089.1750079123
337,10337,1462100.8154883757
338,10338,4675828.379445906
339,10339,2559107.7982382486
340,10340,1567814.1666224422
341,10341,4171398.932953287
342,10342,1359046.9947616938
343,10343,2161578.2115310477
344,10344,4022509.05549577
345,10345,1569720.7333880758
346,10346,4171399.2659822125
347,10347,2079423.0806253152
348,10348,2996933.0790623673
349,10349,4836735.198777827
350,10350,3326495.0351345753
351,10351,5205859.833309394
352,10352,2592443.582817873
353,10353,2033097.268313141
354,10354,2372494.209043262
355,10355,2869033.437774553
356,10356,2848692.897173427
357,10357,1937278.5577472234
358,10358,3140563.6691633
359,10359,3147394.1776308934
360,10360,4654348.098475264
361,10361,2967070.545999752
362,10362,1045001.4095065068
363,10363,2927022.4393680906
364,10364,2093933.2456280626
365,10365,1654833.5451176688
366,10366,5401704.317117693
367,10367,1453157.4389055127
368,10368,6301912.456999987
369,10369,11787244.133640409
370,10370,7547205.095909207
371,10371,1518666.6734371067
372,10372,3895374.4506001254
373,10373,1411978.2386408022
374,10374,1218881.0571699329
375,10375,1605375.1406123207
376,10376,1331499.8980597823
377,10377,3114168.6690594424
378,10378,2017088.1308951129
379,10379,3800762.8878404214
380,10380,4735746.8614342455
381,10381,2609274.717513264
382,10382,5177201.422197551
383,10383,1586465.9627172907
384,10384,5836468.709484456
385,10385,1386398.6028077458
386,10386,1398231.029114803
387,10387,2600893.1487807147
388,10388,1642916.6130401834
389,10389,1156343.1645499056
390,10390,3988362.782075859
391,10391,1711200.8373392106
392,10392,2482798.766083574
393,10393,2815815.9803315266
394,10394,5389780.141988024
395,10395,5111643.349770379
396,10396,7401328.753672719
397,10397,2385336.0267249327
398,10398,3334789.9741252465
399,10399,3505835.8291153777
400,10400,2237517.2819904583
401,10401,3668671.8531233454
402,10402,3294441.055365829
403,10403,1855779.0946453693
404,10404,2692447.8875134215
405,10405,2883813.5828801612
406,10406,2411884.1671590777
407,10407,1363910.4830376774
408,10408,2537523.965043011
409,10409,3482663.590979742
410,10410,3898383.10462537
411,10411,2854932.9321422316
412,10412,2114105.158356191
413,10413,4358515.750482898
414,10414,2757861.263913633
415,10415,2240595.690548746
416,10416,3568713.1736071873
417,10417,1280180.3749222525
418,10418,3968274.3075839863
419,10419,3387573.517838642
420,10420,2757861.263913633
421,10421,2314037.8288400816
422,10422,6534160.3939798195
423,10423,2409318.1571847848
424,10424,2104713.2198741715
425,10425,3267380.823838022
426,10426,5484452.246067673
427,10427,1441481.5703190067
428,10428,1475371.5569318356
429,10429,3245822.7177513633
430,10430,4185074.6255382746
431,10431,2970259.2967164577
432,10432,1928503.9981103253
433,10433,5669861.1681223735
434,10434,3692890.2813013974
435,10435,3315206.930297211
436,10436,1564647.5496407272
437,10437,6565586.044151204
438,10438,2315852.816740384
439,10439,2446835.0795303793
440,10440,4941310.149280942
441,10441,1130175.463000504
442,10442,7719357.198757544
443,10443,2067322.32591744
444,10444,2256323.174341033
445,10445,2473522.708231484
446,10446,2977454.7071224367
447,10447,1188616.0554204318
448,10448,3164205.028931039
449,10449,3424470.928996936
450,10450,2751082.4720687913
451,10451,2098111.926859479
452,10452,5845267.556961498
453,10453,3346287.6284741224
454,10454,1779881.3133460905
455,10455,4895708.5646593785
456,10456,2388488.946245066
457,10457,1644652.3761668052
458,10458,4467419.049969029
459,10459,3397830.3753774953
460,10460,2493152.6054802975
461,10461,2260321.992992227
462,10462,3524261.859905805
463,10463,4434533.323199006
464,10464,2938154.581568307
465,10465,2789492.9688792014
466,10466,1822590.2334354976
467,10467,1814910.0919756545
468,10468,2959718.3181922915
469,10469,3807034.138028876
470,10470,3850453.3423256287
471,10471,3090162.2607284077
472,10472,4248779.996649369
473,10473,3190714.7881317325
474,10474,3264618.8915756866
475,10475,2316662.7869009883
476,10476,5705439.982227819
477,10477,4300559.587925574
478,10478,2069385.6625153883
479,10479,4345006.284350631
480,10480,2706971.883991211
481,10481,1403461.1375379974
482,10482,3424176.227203397
483,10483,7402332.482532603
484,10484,1250057.2080118011
485,10485,6331118.0302466005
486,10486,1545185.2097409354
487,10487,3567205.6259666327
488,10488,2482593.6404075464
489,10489,2314694.4521627417
490,10490,1564559.4742675298
491,10491,2391365.572254057
492,10492,2813758.033934188
493,10493,1967094.1528551166
494,10494,2108906.429577935
495,10495,3403774.7958863312
496,10496,2690063.7996028215
497,10497,2492340.8512587524
498,10498,2360309.5060662837
499,10499,4562626.618853074
500,10500,1072541.8510805084
501,10501,2974782.1292166123
502,10502,1356594.505241938
503,10503,2795340.9190036515
504,10504,6821891.588124112
505,10505,3232645.924392143
506,10506,1841418.1017235587
507,10507,6925785.833113141
508,10508,2785899.7335488903
509,10509,2084382.291658774
510,10510,2731105.5532235806
511,10511,2946693.0272629536
512,10512,1322007.6407710281
513,10513,3399146.8611866995
514,10514,2270321.2294619204
515,10515,2859205.681385445
516,10516,4822941.997124584
517,10517,9302069.895009108
518,10518,5187970.741282745
519,10519,3253159.852660164
520,10520,3373889.0926744454
521,10521,3606274.5093913735
522,10522,2703003.648811311
523,10523,3996853.238987191
524,10524,2681767.799742561
525,10525,3037157.0938419197
526,10526,2170777.463842145
527,10527,2809524.9224936934
528,10528,2206811.5803251714
529,10529,2098205.1307265502
530,10530,2279706.309016424
531,10531,4240853.066756462
532,10532,3526002.543918104
533,10533,3641309.8230777816
534,10534,1878614.030923505
535,10535,2163806.6094090175
536,10536,15714827.513748754
537,10537,2070668.69967758
538,10538,7337609.145138042
539,10539,9799225.550556507
540,10540,2917665.2162139313
541,10541,3311281.908641283
542,10542,2407076.3699686723
543,10543,3465375.049411244
544,10544,3032150.432554422
545,10545,4647840.6010119505
546,10546,3670830.578800639
547,10547,3259997.5324381944
548,10548,3975503.8005148727
549,10549,2520882.3944424805
550,10550,2376748.336409808
551,10551,1919278.685119259
552,10552,8270555.935964525
553,10553,9609462.595030434
554,10554,3040447.7077514012
555,10555,1680771.4424427906
556,10556,4825725.5079983175
557,10557,2041341.1201113248
558,10558,2374933.017288142
559,10559,2140893.8653429355
560,10560,3844354.002380388
561,10561,4115432.072182203
562,10562,2859764.8146024616
563,10563,1271318.4104951322
564,10564,2639110.090156153
565,10565,2840806.915127272
566,10566,4009142.156012898
567,10567,2949690.2433836986
568,10568,2181185.5389413405
569,10569,1514515.2888192527
570,10570,2147690.508515417
571,10571,1078997.6802062595
572,10572,2095690.0272539295
573,10573,3708834.4427461624
574,10574,1955687.069923393
575,10575,8593066.140936248
576,10576,6594671.332272351
577,10577,4078326.1058002855
578,10578,4158794.2319811713
579,10579,987159.1871717796
580,10580,2613053.9985245736
581,10581,2020048.4857219367
582,10582,2497066.609110567
583,10583,1836430.1585165889
584,10584,2697154.0282855993
585,10585,2793718.101180295
586,10586,3267380.823838022
587,10587,3198694.8708608984
588,10588,1962252.4990999252
589,10589,2491802.8532515042
590,10590,928760.4623754091
591,10591,1515930.1039526148
592,10592,1519722.5950512202
593,10593,1422235.8138333515
594,10594,820655.5336911068
595,10595,5416918.089163043
596,10596,1874306.3560505214
597,10597,2246996.683879731
598,10598,2391207.194260933
599,10599,2991518.9706409792
600,10600,3526773.3223916274
601,10601,5287900.129590802
602,10602,3898383.10462537
603,10603,2604094.6176567734
604,10604,3131940.9191646366
605,10605,3754864.443019722
606,10606,1500547.130604841
607,10607,2637149.5441413666
608,10608,1764257.0007283357
609,10609,2851679.3197350833
610,10610,4582839.960560902
611,10611,2403712.814812517
612,10612,3902237.3989738366
613,10613,2800475.2825581706
614,10614,3231668.283150815
615,10615,2883134.854527684
616,10616,8633191.253330786
617,10617,3912336.7050402532
618,10618,2151915.6114775827
619,10619,5221423.408962034
620,10620,1618202.2802825058
621,10621,1563094.042644025
622,10622,3374963.93550763
623,10623,2260321.992992227
624,10624,2993317.3538878495
625,10625,2253746.2668290874
626,10626,9405241.00498876
627,10627,3135263.560972564
628,10628,4213892.085632425
629,10629,4093921.941879955
630,10630,2185693.659345441
631,10631,4125458.9407888027
632,10632,3094296.692429866
633,10633,1976359.4535563744
634,10634,1551925.004379383
635,10635,2097134.7145041213
636,10636,14415924.084148943
637,10637,985211.8431130603
638,10638,6926141.50716443
639,10639,2250260.1498555224
640,10640,1949173.337039589
641,10641,1063070.7253262277
642,10642,6466895.795272278
643,10643,2978584.7815467888
644,10644,7122363.604008517
645,10645,2870915.666501268
646,10646,5191940.963174175
647,10647,854849.564601848
648,10648,3673554.1229418986
649,10649,6760631.78795073
650,10650,4651246.207789984
651,10651,4381651.425560482
652,10652,2124144.77742724
653,10653,3743954.7049203776
654,10654,1185030.2814260293
655,10655,1882790.9161343058
656,10656,2215395.694003198
657,10657,1263783.5013799395
658,10658,2271554.0612543626
659,10659,2836604.8346058987
660,10660,2468805.9569546124
661,10661,1412803.5203515196
662,10662,2376473.0017399844
663,10663,2165084.189833296
664,10664,2558627.084264565
665,10665,2219722.763009649
666,10666,4318150.127912729
667,10667,4778048.378331211
668,10668,1944215.4912643232
669,10669,2344851.60918733
670,10670,3011552.0555631937
671,10671,2116370.601755762
672,10672,1120238.9223330494
673,10673,2229434.205778597
674,10674,3626573.6422541635
675,10675,3807034.138028876
676,10676,3155369.1201196807
677,10677,590769.1295938205
678,10678,3525538.097692202
679,10679,1469685.8409400405
680,10680,2959128.066063767
681,10681,1853489.8244726046
682,10682,2975682.4401046424
683,10683,5543693.162205424
684,10684,2132874.6467290884
685,10685,2187853.4587125704
686,10686,2051697.1389676975
687,10687,2657459.0067294464
688,10688,3766997.3867000593
689,10689,1572912.8230188445
690,10690,1083514.345500582
691,10691,2767389.253750849
692,10692,3281648.1708836732
693,10693,1596318.1004996316
694,10694,3135602.1039221003
695,10695,3636001.4723173976
696,10696,3585050.4463374973
697,10697,2989712.6318819695
698,10698,2873372.195064623
699,10699,2805339.177744581
700,10700,2187853.4587125704
701,10701,1453967.5963218666
702,10702,1315945.4474069322
703,10703,2306376.249211191
704,10704,2501306.695663156
705,10705,4509956.714552648
706,10706,2209791.2259629183
707,10707,2220211.516270398
708,10708,11172225.087910887
709,10709,2369738.880014628
710,10710,3403088.3379750964
711,10711,3831904.290647931
712,10712,1787993.9346036697
713,10713,3437687.3313209414
714,10714,3831669.016785497
715,10715,1515395.8782123416
716,10716,2953436.956209716
717,10717,4776964.144569098
718,10718,4244662.533567493
719,10719,12552555.528579224
720,10720,2142534.9864835916
721,10721,2289170.078449808
722,10722,1243723.09784002
723,10723,1970454.1452556457
724,10724,1253101.6475260647
725,10725,2581942.7674813187
726,10726,2645719.0921587413
727,10727,2654213.30090932
728,10728,3005853.989081501
729,10729,5413977.753706493
730,10730,1886324.9562315806
731,10731,6145613.960177922
732,10732,5231135.626307362
733,10733,2921308.3720756853
734,10734,2512609.9895315296
735,10735,2904926.820757766
736,10736,2796642.8560153577
737,10737,1266947.8764004328
738,10738,2307242.5925403032
739,10739,2123225.9925732813
740,10740,1632288.827853492
741,10741,2355955.927319826
742,10742,2123833.899601602
743,10743,2785704.088518954
744,10744,3267126.1445150566
745,10745,1395299.2567453375
746,10746,2232862.224118749
747,10747,3983638.6416041995
748,10748,2999505.363769778
749,10749,5163369.280984237
750,10750,2348393.4964159057
751,10751,1733993.9921999085
752,10752,2322373.070959265
753,10753,2154300.3435752504
754,10754,1455399.226121625
755,10755,1922119.2483142505
756,10756,3303658.1517217904
757,10757,8634550.420733389
758,10758,1792958.4140049827
759,10759,3036254.5433247574
760,10760,6073049.681713468
761,10761,2019734.692045176
762,10762,2720938.820872195
763,10763,4231657.966797091
764,10764,3005403.299579751
765,10765,2082982.6192049421
766,10766,3279371.8474098775
767,10767,1568213.1481380148
768,10768,2622813.9727275516
769,10769,2312057.436597095
770,10770,1594444.0341987922
771,10771,1513199.1182520646
772,10772,1784470.5244138532
773,10773,2393090.4499176093
774,10774,928915.4565399633
775,10775,2188211.672712214
776,10776,1487167.4856324557
777,10777,1324308.8825622946
778,10778,2248762.4350339393
779,10779,2378763.8863255843
780,10780,3058277.978580928
781,10781,1727413.6165099086
782,10782,2302140.9379373137
783,10783,3542566.4759441377
784,10784,2160756.0651044096
785,10785,7564607.629676376
786,10786,4960934.48870408
787,10787,4502827.912611195
788,10788,2350138.12227458
789,10789,3459299.1860099384
790,10790,5041733.1181563195
791,10791,3229975.683343368
792,10792,7622619.53323033
793,10793,1625904.071163811
794,10794,2814044.5647078278
795,10795,4017822.3957834155
796,10796,3110229.944164321
797,10797,3110321.697201492
798,10798,2321419.783320215
799,10799,1353237.4259193696
800,10800,3741820.093496716
801,10801,3977564.058487927
802,10802,972216.9072061486
803,10803,1050392.9823686667
804,10804,1463534.0665855764
805,10805,2394745.6659480687
806,10806,4685852.063719254
807,10807,5076551.821117222
808,10808,2355405.0981676606
809,10809,2540989.057183857
810,10810,3179361.18984773
811,10811,2175764.81984534
812,10812,2955788.341294388
813,10813,5212537.779276928
814,10814,3225278.8669263055
815,10815,3289884.694824026
816,10816,3832218.4226330216
817,10817,2611221.6530584292
818,10818,4030098.461551755
819,10819,2297477.547402726
820,10820,1629663.777910907
821,10821,1773560.7591995145
822,10822,2801815.1952015758
823,10823,2428046.935555753
824,10824,2276398.7111074724
825,10825,4850249.765985236
826,10826,1066391.3015692318
827,10827,1736062.5414515308
828,10828,3413648.1149766007
829,10829,1630731.5318821718
830,10830,1956891.5728922414
831,10831,8705066.146452721
832,10832,2259973.152451953
833,10833,2348005.546765652
834,10834,2441560.344298478
835,10835,2272169.265168902
836,10836,3091050.0016055107
837,10837,5385129.8675326
838,10838,2871374.28650999
839,10839,1565997.9247881898
840,10840,2099269.3259277833
841,10841,1624919.8406693349
842,10842,2509764.8537350064
843,10843,1218881.0571699329
844,10844,9776805.941769417
845,10845,1528259.9336412314
846,10846,3026310.2006167457
847,10847,1456441.075501302
848,10848,2115226.975516029
849,10849,2538120.103524261
850,10850,1667894.6431444199
851,10851,2250632.7230072115
852,10852,4987474.962889429
853,10853,3026112.788797747
854,10854,1536198.8168896716
855,10855,3552374.0441483846
856,10856,1419041.8744413878
857,10857,2268529.4686351353
858,10858,5685402.241802549
859,10859,1392626.5610745228
860,10860,1403461.1375379974
861,10861,4228122.280824998
862,10862,2958577.8834319436
863,10863,2481349.1236481937
864,10864,5499371.7756469
865,10865,2025976.5038672662
866,10866,4092860.0189577453
867,10867,2098818.38710543
868,10868,3392014.658713496
869,10869,3026112.788797747
870,10870,1353348.039346073
871,10871,1153796.9585344398
872,10872,848297.7748006248
873,10873,836445.2453199729
874,10874,2824645.7352041863
875,10875,2590224.5468952535
876,10876,1742359.3560998144
877,10877,2081921.0471137832
878,10878,2302746.2938329717
879,10879,2713821.758493431
880,10880,4090369.925788119
881,10881,2189339.886994986
882,10882,4892882.459543919
883,10883,2092201.2072693086
884,10884,2452520.93801515
885,10885,2214791.6861083265
886,10886,2467606.3734676754
887,10887,1714440.1870729455
888,10888,6082975.387426282
889,10889,3005701.5590493195
890,10890,2406964.897590228
891,10891,3153021.4484781176
892,10892,4153792.0295935953
893,10893,8309828.103132641
894,10894,2196871.668193829
895,10895,5531263.577463341
896,10896,2405872.3083237847
897,10897,2377830.289342982
898,10898,1668045.9218979918
899,10899,2251200.9351871167
900,10900,3432603.9651452485
901,10901,4060921.590136641
902,10902,1509061.3702900636
903,10903,8496752.824658368
904,10904,1202801.53920775
905,10905,3558671.271436028
906,10906,3991564.2509519174
907,10907,3036962.6204489744
908,10908,2622411.9163799556
909,10909,4465841.604536093
910,10910,2694027.4073352762
911,10911,9524953.369052332
912,10912,1751426.8754717445
913,10913,3071866.2410416678
914,10914,1230499.5103559964
915,10915,1179269.7327069857
916,10916,3053946.0859881775
917,10917,6798729.828200707
918,10918,1812169.916817937
919,10919,2263789.551501166
920,10920,1190318.3798002172
921,10921,1862726.8176723013
922,10922,10403822.985112667
923,10923,949949.7142220453
924,10924,2851659.1377377077
925,10925,2162239.018147499
926,10926,1834417.6009547461
927,10927,5463520.0126844775
928,10928,2644350.174402768
929,10929,1652161.401543878
930,10930,2838553.739496938
931,10931,8673907.394545898
932,10932,1833777.0684866281
933,10933,2209368.664217809
934,10934,3964462.485585563
935,10935,6601880.661417639
936,10936,2114314.669126984
937,10937,3230366.697799466
938,10938,1614072.9474441612
939,10939,1977230.2835869375
940,10940,5111247.9852258
941,10941,2970443.442835164
942,10942,1054505.6845029257
943,10943,1395739.9895460578
944,10944,2307412.7048002584
945,10945,2552975.6938289874
946,10946,4337448.317107164
947,10947,2317401.3839962375
948,10948,3362826.15221379
949,10949,3080859.914542356
950,10950,2276560.163733564
951,10951,6760631.78795073
952,10952,2265075.1227079225
953,10953,4627190.359547965
954,10954,3621177.2652269234
955,10955,1169559.9897514912
956,10956,875126.9442755986
957,10957,6278987.77927911
958,10958,3884132.6144220764
959,10959,3114121.6969032986
960,10960,3127373.0349754654
961,10961,3576920.328680448
962,10962,2263630.819474255
963,10963,3715583.024765231
964,10964,2872260.2384655112
965,10965,3094296.692429866
966,10966,2637428.645339406
967,10967,3697353.630737269
968,10968,3182728.6612665653
969,10969,2265958.993237206
970,10970,4274760.9049940305
971,10971,8269621.766125454
972,10972,1353524.68592672
973,10973,2088198.7507844875
974,10974,1501392.5478969507
975,10975,2926559.7833815278
976,10976,3033903.481434772
977,10977,5601518.594886676
978,10978,2030955.119719536
979,10979,3615285.113733585
980,10980,3502342.8701128177
981,10981,2957092.5508276345
982,10982,2006723.19322899
983,10983,2138389.778530554
984,10984,1228943.2153697477
985,10985,5041525.59910773
986,10986,2239079.136994783
987,10987,1719135.1223416345
988,10988,2343711.9958909913
989,10989,3262856.7464417107
990,10990,5263613.75511232
991,10991,4019192.207535992
992,10992,1232634.121779658
993,10993,3130122.6482505747
994,10994,2813715.6490073786
995,10995,2475493.7223274834
996,10996,2583688.808460482
997,10997,2319932.3987076045
998,10998,3885395.3630093224
999,10999,1708626.484682271
1000,11000,6790914.2111590495
1001,11001,1551032.1480693754
1002,11002,2931750.747297322
1003,11003,1977217.168607124
1004,11004,5233003.798363589
1005,11005,1250057.2080118011
1006,11006,2021161.7389766956
1007,11007,4838054.3767277235
1008,11008,990682.1570799053
1009,11009,3134079.1525320783
1010,11010,1297043.623300676
1011,11011,6367589.963177502
1012,11012,4104135.301296845
1013,11013,2382000.528565359
1014,11014,3927751.690786351
1015,11015,12006188.692949321
1016,11016,3968861.9436459583
1017,11017,2854390.314872047
1018,11018,4571237.302352388
1019,11019,7759874.632500549
1020,11020,3516209.929151902
1021,11021,2969707.0875315936
1022,11022,2429170.733934952
1023,11023,1987108.1500673979
1024,11024,6798204.272427589
1025,11025,2865540.2166353404
1026,11026,3683474.0998350726
1027,11027,1167714.6519870013
1028,11028,1452498.8407971628
1029,11029,3368157.8286739504
1030,11030,2199186.450993489
1031,11031,1731108.452083851
1032,11032,4185819.852807224
1033,11033,1675493.1633343652
1034,11034,1438186.2522824677
1035,11035,2601988.576960181
1036,11036,4673489.046601944
1037,11037,4646877.406751882
1038,11038,8046534.633485958
1039,11039,2727259.3668102906
1040,11040,2875071.071340236
1041,11041,3021971.4433266763
1042,11042,1767320.1417934455
1043,11043,3327848.3655517306
1044,11044,3100473.005365092
1045,11045,3164502.3018068103
1046,11046,3989126.030744837
1047,11047,2404474.804420602
1048,11048,3157087.9665522743
1049,11049,5233003.798363589
1050,11050,5724742.2254413
1051,11051,964337.9315592721
1052,11052,1331091.9501218102
1053,11053,3651100.4527693996
1054,11054,10155004.496215459
1055,11055,1363927.4879147473
1056,11056,13005911.11227553
1057,11057,3448083.5066340393
1058,11058,5959443.623003053
1059,11059,3279384.885074102
1060,11060,3111999.290414407
1061,11061,3447889.749480281
1062,11062,1313477.6579003613
1063,11063,2794138.7692029765
1064,11064,2574095.6378929387
1065,11065,2241177.1213204754
1066,11066,3001352.582632685
1067,11067,3528325.992163247
1068,11068,1456152.0259629167
1069,11069,2530797.4193537305
1070,11070,1905779.118439859
1071,11071,2790811.868134677
1072,11072,6151551.85381676
1073,11073,2097545.7456086674
1074,11074,5949221.787354162
1075,11075,2569941.7313970556
1076,11076,3824626.0529358042
1077,11077,2995208.3807825884
1078,11078,3016110.5087485476
1079,11079,2031710.4099299433
1080,11080,2744527.5620014644
1081,11081,2971857.0750524113
1082,11082,4755555.974559245
1083,11083,3464962.730342478
1084,11084,2146304.709812352
1085,11085,3496654.0292261806
1086,11086,3069688.334487169
1087,11087,1630060.0079010853
1088,11088,3293358.9130186765
1089,11089,2384677.6714109993
1090,11090,2770967.936907131
1091,11091,3154038.2965796534
1092,11092,2124018.383650977
1093,11093,2132289.564253326
1094,11094,3143752.531542028
1095,11095,2234972.8615367264
1096,11096,1929890.8499863467
1097,11097,2436530.7587153744
1098,11098,1003438.1767689437
1099,11099,1192455.2709952188
1100,11100,2299918.3171576355
1101,11101,2464243.692643507
1102,11102,3841443.5921959206
1103,11103,2965569.4207973885
1104,11104,2154864.816172208
1105,11105,1392893.2837008645
1106,11106,3480644.2571473285
1107,11107,2964964.8062383053
1108,11108,1692450.2927536224
1109,11109,3709718.0962062124
1110,11110,4570562.124853636
1111,11111,2956848.8394710897
1112,11112,2051697.1389676975
1113,11113,2670539.391797508
1114,11114,4652306.229428131
1115,11115,4204427.582791864
1116,11116,2118443.9156462606
1117,11117,5521389.739469541
1118,11118,1708102.4377746852
1119,11119,454210.3056219863
1120,11120,2394745.6659480687
1121,11121,5984088.442831764
1122,11122,3063189.6375823375
1123,11123,4289948.205527278
1124,11124,5547168.672609979
1125,11125,3837728.9190464388
1126,11126,1979526.946746441
1127,11127,2735511.3121089116
1128,11128,2691974.4131336594
1129,11129,2726452.9140129737
1130,11130,7739123.728494608
1131,11131,2666531.945346007
1132,11132,2070521.5066599334
1133,11133,4736529.293507935
1134,11134,2948552.4191163885
1135,11135,2722074.57812404
1136,11136,6664428.616872528
1137,11137,4998736.41608247
1138,11138,2537162.68634534
1139,11139,852459.0131660341
1140,11140,3372649.0868264074
1141,11141,7755461.801349312
1142,11142,2655831.4971970543
1143,11143,2495339.3097811933
1144,11144,2156888.02039143
1145,11145,7717740.6538347555
1146,11146,2285589.0509759434
1147,11147,4939600.716812612
1148,11148,2549526.2110425364
1149,11149,4095429.819656018
1150,11150,3215648.687531109
1151,11151,2226604.630083759
1152,11152,2316826.9478804083
1153,11153,2967400.4852023986
1154,11154,3558038.9792529447
1155,11155,2570264.6130253603
1156,11156,3241762.830762851
1157,11157,1901524.2582330925
1158,11158,5554311.65309266
1159,11159,2013133.4246350618
1160,11160,2878562.1448044223
1161,11161,1553022.351337811
1162,11162,1742615.7525819002
1163,11163,3358173.5806242973
1164,11164,1039753.4665372176
1165,11165,2953642.982784301
1166,11166,3254070.7966381502
1167,11167,4372082.322878847
1168,11168,1986902.8063299141
1169,11169,4835786.48341103
1170,11170,2407076.3699686723
1171,11171,2219608.035011478
1172,11172,993862.4587445296
1173,11173,4232300.46323764
1174,11174,1447552.9708652324
1175,11175,3351563.25554113
1176,11176,5814183.834275553
1177,11177,1561568.3670224687
1178,11178,2051220.6126421858
1179,11179,2490962.9017593116
1180,11180,2362888.9058962185
1181,11181,2247980.9232628453
1182,11182,1581132.5220532536
1183,11183,4308093.86021881
1184,11184,1433600.3810076984
1185,11185,3028833.3008454586
1186,11186,3830488.499055054
1187,11187,2499715.102600497
1188,11188,2182968.103593773
1189,11189,2830675.417130814
1190,11190,8414041.78349144
1191,11191,2384245.6051627873
1192,11192,6395155.451451437
1193,11193,1180677.1209733575
1194,11194,2799615.1433750573
1195,11195,1644071.3257178941
1196,11196,5933137.416851862
1197,11197,4938724.951877562
1198,11198,6364112.488703543
1199,11199,1779881.3133460905
1200,11200,3389384.553836907
1201,11201,3726420.606569909
1202,11202,4771623.15438968
1203,11203,3450904.607976935
1204,11204,1488458.470194655
1205,11205,3034345.2104238914
1206,11206,4951540.358202251
1207,11207,1993399.9535730847
1208,11208,2197460.5219423138
1209,11209,2773622.5691148057
1210,11210,2033108.8398471107
1211,11211,3673440.970209193
1212,11212,5125020.503944537
1213,11213,1321639.9254822405
1214,11214,3220296.187826713
1215,11215,1582968.5595837187
1216,11216,3120660.720475337
1217,11217,1704237.4846999007
1218,11218,2247042.0662351707
1219,11219,4878749.177624713
1220,11220,3822988.724177615
1221,11221,3016110.5087485476
1222,11222,3190095.099394043
1223,11223,2116370.601755762
1224,11224,4521958.741565746
1225,11225,6140433.486697189
1226,11226,3128797.2436350947
1227,11227,7263064.644131165
1228,11228,1421076.4302331812
1229,11229,2373340.8952734014
1230,11230,2273101.606376629
1231,11231,3424108.9585823636
1232,11232,1747065.6131745598
1233,11233,2226327.381698486
1234,11234,6080734.28773156
1235,11235,2717180.5771053517
1236,11236,1626317.4254405643
1237,11237,4564369.592959731
1238,11238,1133279.5839275548
1239,11239,3545830.785749043
1240,11240,5051397.754538445
1241,11241,2997917.804294197
1242,11242,1949589.5360064714
1243,11243,2096406.1323123286
1244,11244,3223119.379254491
1245,11245,4605390.160760483
1246,11246,4366959.780744799
1247,11247,1793685.836906693
1248,11248,3038479.5254426673
1249,11249,5141618.73329969
1250,11250,3613178.8762046946
1251,11251,2315962.145444971
1252,11252,1929849.1972535509
1253,11253,1210898.5805824113
1254,11254,5231264.210103275
1255,11255,1543515.5329998818
1256,11256,6386953.879892918
1257,11257,3675239.8350139204
1258,11258,1262102.4442175655
1259,11259,1949849.2158280737
1260,11260,3005853.989081501
1261,11261,2639405.8379688854
1262,11262,1964420.7652112157
1263,11263,2149969.735108094
1264,11264,1643717.2212629311
1265,11265,2746679.044142157
1266,11266,2758718.7060548025
1267,11267,1122799.8022770837
1268,11268,11006210.555796135
1269,11269,1546415.72542584
1270,11270,2198516.194811399
1271,11271,3160449.3775210646
1272,11272,993599.8029224039
1273,11273,7271083.89675818
1274,11274,2739346.1322063645
1275,11275,2498076.9784400724
1276,11276,4578386.307559283
1277,11277,3481870.6048659664
1278,11278,3085669.569009468
1279,11279,2920210.5386739857
1280,11280,8165198.682635734
1281,11281,2801646.657980182
1282,11282,4431589.224174828
1283,11283,2719361.841496765
1284,11284,3979712.5661565987
1285,11285,5059394.611301881
1286,11286,3669750.778795998
1287,11287,2334568.421502428
1288,11288,2553408.8428226276
1289,11289,3592071.6276929313
1290,11290,1782713.274653808
1291,11291,10883878.305922393
1292,11292,4419781.628548291
1293,11293,3557801.4271005676
1294,11294,2448245.842208116
1295,11295,1228943.2153697477
1296,11296,2806511.82768427
1297,11297,3330017.744196765
1298,11298,1683095.3853188038
1299,11299,2180646.2434894857
1300,11300,1799140.404084044
1301,11301,5474016.684314075
1302,11302,2732914.674953566
1303,11303,3250414.732427428
1304,11304,11806985.985853799
1305,11305,2986114.4137912365
1306,11306,4783679.177255236
1307,11307,2655324.395305784
1308,11308,2920746.331571407
1309,11309,3956944.0008991435
1310,11310,2169437.3074089247
1311,11311,3308177.7513629575
1312,11312,1854626.208028377
1313,11313,1483179.3763624714
1314,11314,2943343.3516896474
1315,11315,1917830.9409920175
1316,11316,2463031.042370083
1317,11317,3050606.4787779627
1318,11318,3154009.0512090744
1319,11319,5751456.455322286
1320,11320,1197653.815143673
1321,11321,1889578.5686387285
1322,11322,1655358.0079507683
1323,11323,3715527.023877599
1324,11324,1646286.5103594072
1325,11325,3773820.8996582874
1326,11326,7686265.188931349
1327,11327,1932506.2724431434
1328,11328,813888.5765937679
1329,11329,2813715.6490073786
1330,11330,6702628.822041242
1331,11331,2995437.9713636343
1332,11332,1723796.7773266097
1333,11333,3918261.9792291294
1334,11334,4880721.252356089
1335,11335,3842869.3677509846
1336,11336,2152024.1115446156
1337,11337,3128621.4657011908
1338,11338,5554311.65309266
1339,11339,1414742.3200614005
1340,11340,2141413.218543548
1341,11341,3889191.9238480423
1342,11342,1956230.2167155917
1343,11343,1356463.0739892384
1344,11344,764096.3277340468
1345,11345,2990612.5331242727
1346,11346,2182636.7407479216
1347,11347,1514040.6256012262
1348,11348,1324278.28094273
1349,11349,5609083.230917689
1350,11350,3068488.0912698507
1351,11351,1540011.891154855
1352,11352,2894803.029129566
1353,11353,1624942.9511293047
1354,11354,13352773.966478515
1355,11355,5350607.738608832
1356,11356,2766322.3962984523
1357,11357,2619578.8140265835
1358,11358,6568132.256799876
1359,11359,3898434.9552868274
1360,11360,1440743.6733460901
1361,11361,2355719.7153971847
1362,11362,1927734.7849219583
1363,11363,9622946.281476751
1364,11364,3329360.432696187
1365,11365,3814874.060856685
1366,11366,2791388.634043208
1367,11367,942361.749899508
1368,11368,1834382.8700598928
1369,11369,3442342.771323779
1370,11370,3099676.520565155
1371,11371,3183640.774781732
1372,11372,2649140.804384702
1373,11373,3712905.3305185335
1374,11374,2991601.0534169977
1375,11375,2391645.2847201694
1376,11376,2865554.583791571
1377,11377,19063625.75321612
1378,11378,966880.8269064283
1379,11379,4586172.713907099
1380,11380,951765.6403134658
1381,11381,4082858.779901712
1382,11382,2036220.588455841
1383,11383,3006786.703932241
1384,11384,1520804.7123651153
1385,11385,797942.7208908827
1386,11386,3819954.0196034606
1387,11387,5300044.330148339
1388,11388,2873425.662128718
1389,11389,2156902.937847778
1390,11390,3193884.2536498895
1391,11391,5109626.547000712
1392,11392,2588571.9513501264
1393,11393,5490675.140852608
1394,11394,2202479.062264657
1395,11395,2558160.840156502
1396,11396,2659875.569097043
1397,11397,1690796.5014652607
1398,11398,4963418.961435431
1399,11399,6560536.001070353
1400,11400,2654257.537853387
1401,11401,984262.0332602162
1402,11402,4093623.5381952664
1403,11403,2939521.8177630026
1404,11404,2481989.4737830553
1405,11405,8455072.292000499
1406,11406,3808944.8118385323
1407,11407,1573097.9199621761
1408,11408,2297504.7098616175
1409,11409,9052220.78477135
1410,11410,3856039.287639288
1411,11411,3956955.416920501
1412,11412,3978813.976536586
1413,11413,3124272.433432854
1414,11414,3888037.8382014986
1415,11415,1084368.5782112805
1416,11416,2398288.2941308976
1417,11417,2173973.3417604025
1418,11418,4871998.131188687
1419,11419,1387538.2161040844
1420,11420,5121888.060163162
1421,11421,7765900.822119395
1422,11422,11523205.24248293
1423,11423,3674170.51733938
1424,11424,1698642.756721653
1425,11425,2491888.3214262812
1426,11426,4491989.244811807
1427,11427,7686588.805228949
1428,11428,1507993.6163187989
1429,11429,2923002.6375389723
1430,11430,1944000.4220676094
1431,11431,2541464.551340768
1432,11432,2267838.2618489093
1433,11433,5949221.787354162
1434,11434,5814614.987110858
1435,11435,2382099.5121903056
1436,11436,1981638.6088731515
1437,11437,2743076.1263385094
1438,11438,6375533.056820097
1439,11439,1334074.1981959967
1440,11440,8918880.695496172
1441,11441,2284084.530534348
1442,11442,2193869.8889241056
1443,11443,2883134.854527684
1444,11444,3127064.554746322
1445,11445,4731134.292741533
1446,11446,945319.8292936056
1447,11447,2657459.0067294464
1448,11448,5989302.2899246635
1449,11449,2947172.191474069
1450,11450,4425629.9248639
1451,11451,3647296.266812933
1452,11452,3164947.0291853445
1453,11453,3400255.3055449636
1454,11454,993884.553374547
1455,11455,2501338.9758798517
1456,11456,7751897.123499147
1457,11457,2225673.4004131807
1458,11458,4735580.740251896
1459,11459,976773.0804813795
1460,11460,4547600.549193543
1461,11461,3359633.9044351946
1462,11462,3249342.77037118
1463,11463,2645836.3261364764
1464,11464,1254626.6640183227
1465,11465,2654257.537853387
1466,11466,2312030.9715497
1467,11467,3012691.6688595316
1468,11468,4248346.44204445
1469,11469,2201853.7413332197
1470,11470,2082781.4419901911
1471,11471,5104884.604489436
1472,11472,2313362.7235707575
1473,11473,2798529.998492135
1474,11474,2308456.762852282
1475,11475,1315739.9116329749
1476,11476,1881300.4857286902
1477,11477,2756646.028607103
1478,11478,5910589.170748702
1479,11479,3837479.7955790134
1480,11480,7722658.531255391
1481,11481,5054649.804828763
1482,11482,3402853.667735067
1483,11483,10295432.029328633
1484,11484,2565965.3104179553
1485,11485,2621171.5090460666
1486,11486,2402083.1505686864
1487,11487,3072704.1561390455
1488,11488,3442700.367711614
1489,11489,3944140.216529328
1490,11490,5237304.176806485
1491,11491,2306324.3004519157
1492,11492,2341542.7916596024
1493,11493,6206556.426901962
1494,11494,3269115.327742832
1495,11495,4382190.969331049
1496,11496,3030008.9907206628
1497,11497,1305912.8617841778
1498,11498,5638303.952140294
1499,11499,2570749.7963675247
1500,11500,1538146.5171095605
1501,11501,4480809.803391101
1502,11502,849220.4874841
1503,11503,4859789.018972893
1504,11504,2387415.461200906
1505,11505,1944573.983851451
1506,11506,2140852.828737386
1507,11507,3996041.971293302
1508,11508,4051240.931546345
1509,11509,2320476.549785429
1510,11510,3491466.133640817
1511,11511,1803751.604651544
1512,11512,1502657.5360190787
1513,11513,6663201.064913295
1514,11514,1336908.7322125563
1515,11515,5220263.596098356
1516,11516,1011925.6833284784
1517,11517,2477955.8412044607
1518,11518,1266177.1717051785
1519,11519,1184132.4809882075
1520,11520,2931358.659071319
1521,11521,4158061.25244092
1522,11522,3588168.3362310543
1523,11523,2105300.805200911
1524,11524,2554026.1620921595
1525,11525,1697521.863113597
1526,11526,5024095.802888015
1527,11527,3636001.4723173976
1528,11528,2089567.5636003693
1529,11529,5635713.3963588355
1530,11530,2163024.2520991433
1531,11531,2232237.0850395225
1532,11532,1082205.4789804867
1533,11533,11745061.76042337
1534,11534,3901735.5345438947
1535,11535,1377196.3587799019
1536,11536,2403712.814812517
1537,11537,1601510.6800711486
1538,11538,3896177.281147995
1539,11539,2422347.980140132
1540,11540,2838920.7422815426
1541,11541,2495497.464182563
1542,11542,3672663.7743305704
1543,11543,2580537.2699165307
1544,11544,2183353.6487929546
1545,11545,2098458.4003419946
1546,11546,1605464.0885150875
1547,11547,2236093.3363654986
1548,11548,5376264.960025988
1549,11549,1081005.8973871123
1550,11550,2316662.7869009883
1551,11551,3080279.6501088194
1552,11552,5830001.71878836
1553,11553,3212131.996124122
1554,11554,2869033.437774553
1555,11555,3367980.5038036616
1556,11556,3082315.9550148165
1557,11557,5406056.989226809
1558,11558,2175295.561538572
1559,11559,4806515.000944502
1560,11560,2284449.4376796056
1561,11561,4414676.2841952965
1562,11562,2030962.6568894796
1563,11563,2167537.4446547814
1564,11564,3815170.441185207
1565,11565,5847533.579815323
1566,11566,2865721.7916324367
1567,11567,2028320.5391617091
1568,11568,2144313.4485210413
1569,11569,3288170.7017515544
1570,11570,2197835.271422167
1571,11571,3861860.3627383877
1572,11572,1249906.5001753718
1573,11573,7781965.374148984
1574,11574,2020401.6896942295
1575,11575,2654257.537853387
1576,11576,3010416.2347353254
1577,11577,1721702.3885616458
1578,11578,1923211.283589614
1579,11579,4336000.799562129
1580,11580,3843897.272450544
1581,11581,1810689.433683131
1582,11582,2327668.265665236
1583,11583,2444604.999138688
1584,11584,1711693.1642291097
1585,11585,1514040.6256012262
1586,11586,2214305.4020147067
1587,11587,3676026.8046737504
1588,11588,7159584.446128116
1589,11589,1692757.8010265674
1590,11590,5341901.087358812
1591,11591,3313797.504971484
1592,11592,2378890.6671774955
1593,11593,1545185.2097409354
1594,11594,1948743.8892529225
1595,11595,1454965.6324487536
1596,11596,972274.8457457365
1597,11597,10399118.356875774
1598,11598,1083297.2345862468
1599,11599,4214893.025235917
1600,11600,3442334.9417103445
1601,11601,3056878.9066679026
1602,11602,4559070.122785692
1603,11603,2830763.6618300127
1604,11604,2626401.6524580475
1605,11605,5154601.704654646
1606,11606,1866800.5484262672
1607,11607,2007682.1496997995
1608,11608,3011228.6258158195
1609,11609,3215539.2622943046
1610,11610,3993965.3870515977
1611,11611,5009374.168098107
1612,11612,1282433.7932184348
1613,11613,4415293.401143289
1614,11614,2898260.908649243
1615,11615,4382145.431260043
1616,11616,2994855.576944954
1617,11617,2216064.132431209
1618,11618,2626388.5597371077
1619,11619,1907383.3984284613
1620,11620,16588352.610804725
1621,11621,2193140.447591764
1622,11622,3409010.1590854493
1623,11623,1686049.721551216
1624,11624,2817895.4148075003
1625,11625,2110241.2128271833
1626,11626,6559710.508108501
1627,11627,2652935.027543503
1628,11628,3347677.96754203
1629,11629,1835649.745959347
1630,11630,2228726.7353237923
1631,11631,7710989.994686504
1632,11632,2848310.6304884194
1633,11633,5227378.471093673
1634,11634,2319779.227733955
1635,11635,1403836.371487071
1636,11636,2628422.2559401803
1637,11637,2654605.1758637796
1638,11638,2185529.4825883233
1639,11639,5900894.397464192
1640,11640,5950775.489265368
1641,11641,9507400.291794289
1642,11642,3050606.4787779627
1643,11643,5481812.181371426
1644,11644,3066475.7272695657
1645,11645,4914157.335152419
1646,11646,5581964.489384675
1647,11647,3576276.45172657
1648,11648,3947906.107983664
1649,11649,5913100.3077533515
1650,11650,3005853.989081501
1651,11651,2942159.2063026084
1652,11652,2241850.7901057405
1653,11653,2301055.7474887427
1654,11654,2296096.250010827
1655,11655,3862401.407456109
1656,11656,1463498.0902684727
1657,11657,3120478.5803041984
1658,11658,952311.7200402778
1659,11659,1837784.3573830086
1660,11660,3978566.384608173
1661,11661,2340800.2155978796
1662,11662,3020887.209564563
1663,11663,2615133.4330005473
1664,11664,3972057.2443213626
1665,11665,2688849.966379281
1666,11666,2112066.2653809884
1667,11667,3498490.5245428435
1668,11668,5541146.680558795
1669,11669,2416935.2704248806
1670,11670,6469798.805285317
1671,11671,7211306.437274597
1672,11672,2215395.694003198
1673,11673,3142877.8205563826
1674,11674,4239174.693502326
1675,11675,3748699.6226012036
1676,11676,3815114.6668907832
1677,11677,2845171.1837999793
1678,11678,2981913.667493936
1679,11679,1147141.2432583822
1680,11680,3839266.0624576183
1681,11681,3769106.665071342
1682,11682,1510735.6976145015
1683,11683,2379026.6917172815
1684,11684,6337073.995618363
1685,11685,3765624.462468183
1686,11686,2215603.4072201713
1687,11687,4090686.084708668
1688,11688,2060907.4448115635
1689,11689,2923002.6375389723
1690,11690,3017805.132269477
1691,11691,1771367.1999979063
1692,11692,2696035.8191699297
1693,11693,4457131.423713727
1694,11694,3120324.9294712027
1695,11695,2545431.5497482587
1696,11696,5343567.667569547
1697,11697,4738663.904931596
1698,11698,4050065.3777865237
1699,11699,2802917.3787622717
1700,11700,2512346.759006992
1701,11701,4270331.105464078
1702,11702,2600043.1882878523
1703,11703,4865867.450701939
1704,11704,5732750.82846256
1705,11705,3189434.1962783923
1706,11706,1285692.6016604835
1707,11707,4012172.531775158
1708,11708,1443354.903774155
1709,11709,1310162.383889689
1710,11710,2168761.401588837
1711,11711,2452873.098511501
1712,11712,3352708.0075772936
1713,11713,2166169.334716217
1714,11714,3984093.5592285357
1715,11715,2979999.89145923
1716,11716,1324420.6199593719
1717,11717,7739577.387050969
1718,11718,2838986.8677589786
1719,11719,2169437.3074089247
1720,11720,2304187.540004958
1721,11721,3150013.293200461
1722,11722,2698044.231004583
1723,11723,2030585.4472035645
1724,11724,3357704.8361486304
1725,11725,1408052.1443721054
1726,11726,2774663.0241800053
1727,11727,3117358.503009995
1728,11728,1742796.3903272366
1729,11729,2977277.4300819747
1730,11730,3335702.809989889
1731,11731,2140893.8653429355
1732,11732,2008564.4341262316
1733,11733,2486249.754438486
1734,11734,3111999.290414407
1735,11735,1749116.875270573
1736,11736,2251117.4016870814
1737,11737,3724386.910366837
1738,11738,13124293.771145847
1739,11739,897984.4255295835
1740,11740,3001295.5358961476
1741,11741,2488550.9962297524
1742,11742,7318461.013494498
1743,11743,2679590.991045875
1744,11744,1795258.4296182794
1745,11745,2706366.329635479
1746,11746,6106011.512321733
1747,11747,7749503.092763781
1748,11748,2895065.981514971
1749,11749,2279610.6187553876
1750,11750,4483375.287168608
1751,11751,1541357.9316623162
1752,11752,3282469.1074564327
1753,11753,2151435.7809015615
1754,11754,3605523.3653913327
1755,11755,4482140.028871939
1756,11756,3063189.6375823375
1757,11757,4956762.902676564
1758,11758,1736274.1077265139
1759,11759,3181431.203443616
1760,11760,2783711.4859192977
1761,11761,2008892.571874025
1762,11762,1124865.381747943
1763,11763,4562194.849036756
1764,11764,1303657.1610160512
1765,11765,4656482.709898925
1766,11766,891317.8240212942
1767,11767,2141413.218543548
1768,11768,2489895.1477880473
1769,11769,2746543.3970423318
1770,11770,1272686.5733525867
1771,11771,2140893.8653429355
1772,11772,3941654.9651833866
1773,11773,3067762.609397372
1774,11774,2210266.430401583
1775,11775,8283940.0805178
1776,11776,2330786.8965705847
1777,11777,1295022.258306877
1778,11778,2588736.7767830035
1779,11779,2544573.754203854
1780,11780,3826414.9115848197
1781,11781,4033826.073339518
1782,11782,1529995.2117499649
1783,11783,2791101.339878182
1784,11784,3983638.6416041995
1785,11785,3987325.806830179
1786,11786,7737592.065260381
1787,11787,3109690.0190929994
1788,11788,1484416.6557426385
1789,11789,4771623.376257051
1790,11790,2790458.1867342447
1791,11791,2171815.4904150967
1792,11792,2629582.671487375
1793,11793,4223771.678964418
1794,11794,2321475.0855217776
1795,11795,893371.6298600804
1796,11796,2382460.6258343565
1797,11797,1301785.0442410517
1798,11798,1688407.6824785124
1799,11799,3053388.6954993247
1800,11800,3623696.170927715
1801,11801,1892455.928404794
1802,11802,1977263.2068092476
1803,11803,2739640.201762116
1804,11804,4679953.863990808
1805,11805,3079931.5201452873
1806,11806,2581025.8158520465
1807,11807,3504648.6250784276
1808,11808,2519641.798614583
1809,11809,4044636.3564395094
1810,11810,2731105.5532235806
1811,11811,996674.8285226636
1812,11812,2262112.231497749
1813,11813,3476447.613813784
1814,11814,3594773.8770179837
1815,11815,2576572.6204137052
1816,11816,9445616.674779251
1817,11817,11098941.838549513
1818,11818,4772187.736827477
1819,11819,2564946.2801053557
1820,11820,5661708.534242094
1821,11821,2913032.4976225197
1822,11822,1868969.9270713022
1823,11823,6375083.364481209
1824,11824,8408282.179791328
1825,11825,3945712.5978611615
1826,11826,5413977.753706493
1827,11827,5326546.779331792
1828,11828,2231612.5446381993
1829,11829,3127373.0349754654
1830,11830,2525102.606870056
1831,11831,4231703.105260076
1832,11832,3990959.0125054074
1833,11833,1553022.351337811
1834,11834,5660066.165964595
1835,11835,2250632.7230072115
1836,11836,4551353.321089523
1837,11837,4043430.0661742724
1838,11838,3985160.4166809325
1839,11839,1436097.473164179
1840,11840,1400197.980721057
1841,11841,8139215.79174968
1842,11842,3415321.0447470862
1843,11843,3273673.7809281847
1844,11844,4167252.5102021163
1845,11845,5911526.397902081
1846,11846,2891798.2255684184
1847,11847,2057094.3903269256
1848,11848,2547626.2696245713
1849,11849,2134687.8568952116
1850,11850,2873372.195064623
1851,11851,1169001.8020551084
1852,11852,2359686.5405012923
1853,11853,10829669.62724331
1854,11854,2382099.5121903056
1855,11855,2440022.28461932
1856,11856,3092885.065351406
1857,11857,1189061.0904021014
1858,11858,5330068.638945968
1859,11859,2171643.8265843256
1860,11860,2195325.04695482
1861,11861,2553932.5939790276
1862,11862,4973115.473199187
1863,11863,2403193.461611904
1864,11864,2457677.770194482
1865,11865,4288370.0391125865
1866,11866,12329656.399744269
1867,11867,5880771.125977787
1868,11868,3635209.419295326
1869,11869,2949474.623629358
1870,11870,1728423.2395121283
1871,11871,1747487.4563117796
1872,11872,1321219.1510833132
1873,11873,2986797.912456222
1874,11874,4050065.3777865237
1875,11875,2187067.91844505
1876,11876,1684662.6837310574
1877,11877,1288133.122275992
1878,11878,5459274.296519682
1879,11879,990752.9847268856
1880,11880,2870361.627726742
1881,11881,977744.8425435268
1882,11882,1203607.6508909755
1883,11883,3856620.005833912
1884,11884,7964891.538999905
1885,11885,3781266.610243413
1886,11886,2869033.437774553
1887,11887,5320752.725300011
1888,11888,7698652.480313154
1889,11889,9859652.508620217
1890,11890,2455622.666880367
1891,11891,2458639.2246032264
1892,11892,1270153.6019115788
1893,11893,2370779.059966116
1894,11894,3174522.9794770954
1895,11895,2267354.3493005997
1896,11896,2937182.954170859
1897,11897,1612050.924822049
1898,11898,2395365.5673272507
1899,11899,1470332.4827033237
1900,11900,3751837.4374483726
1901,11901,3082210.746737965
1902,11902,2559613.6104505695
1903,11903,1151952.6666105948
1904,11904,1491331.9194637358
1905,11905,2866661.1102433964
1906,11906,1410243.4746320727
1907,11907,2664251.0065502473
1908,11908,5260044.526658132
1909,11909,7481058.228982197
1910,11910,7445676.013565685
1911,11911,2234503.3953536004
1912,11912,2654257.537853387
1913,11913,5727969.502401158
1914,11914,4267814.150395282
1915,11915,11557908.057926133
1916,11916,3176281.2278716243
1917,11917,13125906.437157746
1918,11918,2718768.128145478
1919,11919,1686667.905819987
1920,11920,2865215.8687454066
1921,11921,5374764.661399738
1922,11922,3118507.426349512
1923,11923,1387049.1973258571
1924,11924,4578999.614380365
1925,11925,5100384.112631984
1926,11926,5554311.65309266
1927,11927,3256578.6925491793
1928,11928,2616267.5508405105
1929,11929,559365.588417772
1930,11930,4001426.312462501
1931,11931,3118747.9622429553
1932,11932,6739474.523216788
1933,11933,2423932.810743365
1934,11934,3447854.063672327
1935,11935,4359963.1017620675
1936,11936,3389384.553836907
1937,11937,2428658.684040576
1938,11938,976758.4201779608
1939,11939,4046414.8528122013
1940,11940,3149320.296901131
1941,11941,2039744.1094079465
1942,11942,2554313.5022598333
1943,11943,1105957.7349684015
1944,11944,2882655.5810719733
1945,11945,6004767.140409998
1946,11946,3247583.1779270605
1947,11947,3060557.205173605
1948,11948,2574657.0697440254
1949,11949,4376664.442013671
1950,11950,5679934.289414254
1951,11951,2128098.891036935
1952,11952,2696863.651920033
1953,11953,1040803.7581716867
1954,11954,2303282.427730303
1955,11955,3612700.736183525
1956,11956,2420117.884202594
1957,11957,1038119.9133971357
1958,11958,2080450.657229662
1959,11959,1688915.1440166486
1960,11960,4659233.760868646
1961,11961,2655324.395305784
1962,11962,1873451.4113174553
1963,11963,3247132.1731268535
1964,11964,2236583.901365532
1965,11965,2803498.732874847
1966,11966,2189988.070136232
1967,11967,2372577.8667218704
1968,11968,5225799.566130793
1969,11969,2208637.0521433204
1970,11970,2557136.7403677497
1971,11971,3594676.4721661587
1972,11972,3005853.989081501
1973,11973,4133769.3247902216
1974,11974,4102054.9413938685
1975,11975,4639417.091435573
1976,11976,2933839.4133119835
1977,11977,4692360.199654358
1978,11978,2589950.7315084576
1979,11979,2102470.7948038415
1980,11980,2654257.537853387
1981,11981,4936288.195867986
1982,11982,4041142.068504948
1983,11983,3184004.5345543455
1984,11984,4922240.596465096
1985,11985,2683073.4472945174
1986,11986,5480265.182701317
1987,11987,2102049.0848904536
1988,11988,3875765.0937571283
1989,11989,2203803.8005120847
1990,11990,2162239.018147499
1991,11991,2320025.254290915
1992,11992,10278528.630208418
1993,11993,2470838.7788256966
1994,11994,4256112.891500516
1995,11995,1916980.1445867026
1996,11996,4784913.886833978
1997,11997,1556230.5207088888
1998,11998,2455622.666880367
1999,11999,2279835.8705906845
2000,12000,1103424.643880221
2001,12001,2932216.040589586
2002,12002,2546461.005736778
2003,12003,1544736.4521192587
2004,12004,2179017.4290897264
2005,12005,1404573.9221441895
2006,12006,1116079.725068211
2007,12007,3537871.734239515
2008,12008,2107807.7716224296
2009,12009,976518.1038511416
2010,12010,3008133.2156741787
2011,12011,1304951.6612227666
2012,12012,899573.8674789001
2013,12013,1868969.9270713022
2014,12014,2299466.2119353525
2015,12015,2245487.070632566
2016,12016,2020290.4962900388
2017,12017,3692296.688951107
2018,12018,3482247.661067101
2019,12019,2207064.9615255245
2020,12020,2192976.9475100893
2021,12021,17460662.176947705
2022,12022,2182968.103593773
2023,12023,17194675.937308267
2024,12024,6032945.090205008
2025,12025,2870664.8901788453
2026,12026,3327800.078900692
2027,12027,2315623.535388852
2028,12028,2805322.349655898
2029,12029,2870651.5832261187
2030,12030,1353524.68592672
2031,12031,2531410.052029785
2032,12032,3368787.3477049964
2033,12033,3298883.0582065494
2034,12034,1958387.66152272
2035,12035,2332725.630191561
2036,12036,1155258.9307877924
2037,12037,2977304.116935564
2038,12038,2392772.5693086134
2039,12039,2251890.904903551
2040,12040,2804503.4158496168
2041,12041,2711211.9705438004
2042,12042,2833235.555982409
2043,12043,5392930.643537418
2044,12044,2161590.1778205447
2045,12045,2898260.908649243
2046,12046,5594505.216217692
2047,12047,1228943.2153697477
2048,12048,5827092.519393701
2049,12049,2192976.9475100893
2050,12050,4460973.475704485
2051,12051,2095591.8688338217
2052,12052,973395.7393537927
2053,12053,2312916.935232026
2054,12054,6969465.824673738
2055,12055,3024008.68670328
2056,12056,1684662.6837310574
2057,12057,3068204.63457153
2058,12058,5405693.78096856
2059,12059,3301025.388974237
2060,12060,3795554.0368265337
2061,12061,2205813.453430465
2062,12062,2455882.252598506
2063,12063,5159517.775423738
2064,12064,1239058.0164469294
2065,12065,2024789.2279674574
2066,12066,4995697.919608118
2067,12067,3584929.2916736254
2068,12068,5195515.319717322
2069,12069,2448169.7439546427
2070,12070,2861310.3633542247
2071,12071,1952161.2296853012
2072,12072,2571465.9223890915
2073,12073,1444341.163149795
2074,12074,3439890.016426789
2075,12075,1391480.7407502318
2076,12076,3308323.9577464177
2077,12077,3973225.301197857
2078,12078,2309081.9716882003
2079,12079,2593424.593021924
2080,12080,2347946.6259305878
2081,12081,2687342.6701418413
2082,12082,3818430.270992261
2083,12083,2506682.919804893
2084,12084,2884219.088289797
2085,12085,16897840.301065575
2086,12086,2179525.3498814288
2087,12087,2092733.9462536904
2088,12088,4019660.5732029807
2089,12089,1685794.6499550536
2090,12090,2870446.5861485344
2091,12091,2478245.034498213
2092,12092,3512012.9679700574
2093,12093,1569949.4863746387
2094,12094,3018840.4248429746
2095,12095,4549718.070998878
2096,12096,2162219.564731325
2097,12097,3176281.2278716243
2098,12098,2239659.6127581466
2099,12099,7492069.849888735
2100,12100,2315292.7372163013
2101,12101,3130122.6482505747
2102,12102,3294441.055365829
2103,12103,2210266.430401583
2104,12104,4161323.913807625
2105,12105,1780151.6419818809
2106,12106,3057493.5143098626
2107,12107,6332685.352345588
2108,12108,2322113.5682301987
2109,12109,1784419.9683103363
2110,12110,2005216.4280508764
2111,12111,9114753.072617304
2112,12112,1505841.1871481228
2113,12113,7440556.3718474265
2114,12114,2787304.1160561945
2115,12115,5864812.322929557
2116,12116,2610882.8457402643
2117,12117,8188992.158680663
2118,12118,1812169.916817937
2119,12119,1455960.037116421
2120,12120,2175931.0830584695
2121,12121,2353816.4874680885
2122,12122,5411004.478400771
2123,12123,3262749.008486734
2124,12124,1551952.3626172976
2125,12125,5476623.133621418
2126,12126,2350497.790950192
2127,12127,1706946.4145221391
2128,12128,1682924.0162492413
2129,12129,5181373.051697311
2130,12130,2997024.955589989
2131,12131,2982493.7124334727
2132,12132,5066907.911110457
2133,12133,2478816.183880223
2134,12134,2572663.993858831
2135,12135,2678771.639023431
2136,12136,3058850.8802922675
2137,12137,2587020.59176569
2138,12138,2246926.3878597827
2139,12139,1553834.5006269328
2140,12140,3106640.1143979304
2141,12141,2101789.36719917
2142,12142,3019761.975366067
2143,12143,1574219.1945674927
2144,12144,3489652.723932539
2145,12145,1452559.4725049003
2146,12146,1518641.353945676
2147,12147,5754434.438008167
2148,12148,2861310.3633542247
2149,12149,2273237.0191401667
2150,12150,5086044.816107632
2151,12151,2920210.5386739857
2152,12152,2874457.3399475445
2153,12153,4300559.587925574
2154,12154,1860197.329072022
2155,12155,3458004.0185840745
2156,12156,2875836.7348310654
2157,12157,1149768.1525350139
2158,12158,3947134.229041035
2159,12159,2406742.170213821
2160,12160,2342553.5363714634
2161,12161,2153979.7160595628
2162,12162,6580401.139199382
2163,12163,4019660.5732029807
2164,12164,2948744.4288449446
2165,12165,3623444.4285428617
2166,12166,6309706.534586167
2167,12167,2970085.0656664716
2168,12168,4359835.3008928625
2169,12169,1867358.6330235894
2170,12170,1430604.3198455682
2171,12171,2487400.375334119
2172,12172,2642060.460690694
2173,12173,3553407.163901657
2174,12174,2169437.3074089247
2175,12175,3251511.964546122
2176,12176,2537162.68634534
2177,12177,2094673.1791523928
2178,12178,2936159.136938835
2179,12179,8881669.921249114
2180,12180,2407755.240769857
2181,12181,3944770.005580487
2182,12182,3228704.754774973
2183,12183,3686312.4474808895
2184,12184,5226704.290673783
2185,12185,1406281.0037242977
2186,12186,2516996.930005302
2187,12187,2038287.5092744404
2188,12188,3154490.802382343
2189,12189,2368480.0657600625
2190,12190,3669518.6687386464
2191,12191,2170703.1905999547
2192,12192,5251035.233157945
2193,12193,5497115.805699804
2194,12194,2810465.4226630195
2195,12195,5239289.498597072
2196,12196,5662284.977408761
2197,12197,2187180.509355152
2198,12198,1370858.3009932758
2199,12199,5623661.97123603
2200,12200,2439356.9026040887
2201,12201,2194097.841118146
2202,12202,3082100.9838655167
2203,12203,5051115.329838886
2204,12204,2134713.7999236174
2205,12205,2124952.051581365
2206,12206,3321935.6240335065
2207,12207,1223779.9392962498
2208,12208,3420982.3113249238
2209,12209,972274.8457457365
2210,12210,2801871.0128796366
2211,12211,7387117.2124484135
2212,12212,5590572.504561088
2213,12213,2190942.37697503
2214,12214,2870118.582657475
2215,12215,2153162.4917924227
2216,12216,14359306.828079466
2217,12217,2779453.7081516115
2218,12218,2146229.8807294704
2219,12219,1508102.5897713338
2220,12220,2268529.4686351353
2221,12221,2900786.0539017124
2222,12222,3204154.703049753
2223,12223,2199578.154016192
2224,12224,3125769.934097327
2225,12225,1957994.1055285586
2226,12226,2163238.6366848284
2227,12227,1454861.627179119
2228,12228,2092201.2072693086
2229,12229,5810942.043349806
2230,12230,1417908.937043115
2231,12231,2363359.770590511
2232,12232,4958915.818561174
2233,12233,5066523.757728736
2234,12234,2089664.0227807392
2235,12235,3936726.481862447
2236,12236,5524684.955325604
2237,12237,3005853.989081501
2238,12238,3058277.978580928
2239,12239,1570116.2745671314
2240,12240,1690036.7337319101
2241,12241,2613246.475632045
2242,12242,3178114.7687245617
2243,12243,2570040.555460001
2244,12244,1982935.2446353948
2245,12245,2180646.2434894857
2246,12246,2023491.9651660975
2247,12247,2981227.031891434
2248,12248,2409590.9487649044
2249,12249,5657714.563157861
2250,12250,2138431.172822291
2251,12251,1453008.968670273
2252,12252,3414744.0078970036
2253,12253,1485285.1574736543
2254,12254,2877292.6521465206
2255,12255,1136361.6041837153
2256,12256,2673552.830822911
2257,12257,2634324.9425983736
2258,12258,5761382.161035098
2259,12259,6335123.117593297
2260,12260,6968618.570655129
2261,12261,1039430.7396851489
2262,12262,2083260.1885097548
2263,12263,6600417.448149108
2264,12264,1694359.9840637564
2265,12265,3973225.301197857
2266,12266,3067433.090215553
2267,12267,5449915.559507553
2268,12268,3778667.1888187374
2269,12269,9353809.507338408
2270,12270,4116059.5731973024
2271,12271,1957912.6292761115
2272,12272,1767320.1417934455
2273,12273,2862377.220806622
2274,12274,2158417.227037678
2275,12275,2218804.8760962295
2276,12276,3109801.478010783
2277,12277,3479907.1395236524
2278,12278,1533608.953402738
2279,12279,4047290.7555545247
2280,12280,1492428.8639315062
2281,12281,5343567.667569547
2282,12282,5343505.764209192
2283,12283,4860620.994794112
2284,12284,4571872.001177339
2285,12285,1322007.6407710281
2286,12286,6395155.451451437
2287,12287,1749139.6484737112
2288,12288,3860420.345018474
2289,12289,2130046.9479025262
2290,12290,3885216.0360851698
2291,12291,1242424.5570633456
2292,12292,3145729.5205990146
2293,12293,978457.7601402868
2294,12294,3465803.5155647816
2295,12295,2565965.3104179553
2296,12296,2181176.7684350754
2297,12297,9015689.20109351
2298,12298,2158227.496996376
2299,12299,3333271.3566039135
2300,12300,2669654.7326527233
2301,12301,3595270.808435425
2302,12302,2875411.643255028
2303,12303,2098931.176096488
2304,12304,2473089.4902670025
2305,12305,3099417.0286526033
2306,12306,2277047.465442244
2307,12307,2698802.9084643414
2308,12308,3303985.2004563482
2309,12309,4878447.677320793
2310,12310,3370623.879629417
2311,12311,2389141.197907788
2312,12312,7783342.080735828
2313,12313,4642777.979176213
2314,12314,2380324.957257751
2315,12315,2333004.345964956
2316,12316,2780348.805095129
2317,12317,3918306.601880836
2318,12318,2728869.0908892956
2319,12319,2395047.7712643803
2320,12320,1610775.6887838307
2321,12321,3455038.5256906324
2322,12322,2051697.1389676975
2323,12323,1980690.6494885727
2324,12324,8256948.161071706
2325,12325,2126036.285343478
2326,12326,2964964.8062383053
2327,12327,2883134.854527684
2328,12328,2769523.865174511
2329,12329,2246229.723423698
2330,12330,2283909.179739607
2331,12331,1618684.1948757386
2332,12332,2255306.3262394974
2333,12333,4239921.354608197
2334,12334,3858154.174789104
2335,12335,6953949.05428563
2336,12336,2397665.9347865293
2337,12337,1194935.5686175253
2338,12338,1200007.726886393
2339,12339,2438380.0781193986
2340,12340,2068850.7299657254
2341,12341,2180101.039548569
2342,12342,3297463.091562153
2343,12343,3984736.475005899
2344,12344,3831136.725724395
2345,12345,2994456.9671841883
2346,12346,3288237.7646867586
2347,12347,2261393.5881992974
2348,12348,4589316.991817228
2349,12349,2822708.4853119114
2350,12350,2256653.2807701817
2351,12351,1529458.1460428727
2352,12352,4261186.531459233
2353,12353,2115057.7440001396
2354,12354,1784590.465431106
2355,12355,2115006.6438551634
2356,12356,2337546.603190732
2357,12357,2308727.1122009004
2358,12358,3613142.949443278
2359,12359,2074365.070077262
2360,12360,2865554.583791571
2361,12361,13444749.118766941
2362,12362,2773342.2410953618
2363,12363,5660723.879910791
2364,12364,4665977.968943732
2365,12365,2407076.3699686723
2366,12366,7947684.514855348
2367,12367,2636555.292088493
2368,12368,2391932.4960797876
2369,12369,1378690.553488776
2370,12370,1386772.908417787
2371,12371,3766006.2814928335
2372,12372,1625327.3161485167
2373,12373,1749525.4457986807
2374,12374,3342585.7169334516
2375,12375,4256112.891500516
2376,12376,4210162.089813323
2377,12377,2999226.986644525
2378,12378,3737529.05003634
2379,12379,2104422.8551457105
2380,12380,1705276.3135112952
2381,12381,9777493.121703792
2382,12382,2661947.641671304
2383,12383,2024789.2279674574
2384,12384,3142093.2896021004
2385,12385,3286070.668465333
2386,12386,3943536.8386978325
2387,12387,1155111.271061438
2388,12388,2568491.169852658
2389,12389,2179432.5612343363
2390,12390,625166.4408420707
2391,12391,1924234.7752630021
2392,12392,3609139.984853792
2393,12393,2166135.6850618543
2394,12394,3135545.3854684327
2395,12395,3047165.9566020877
2396,12396,1558665.6752261822
2397,12397,2200114.4980148436
2398,12398,5414986.864103545
2399,12399,2677945.8009347613
2400,12400,1372841.3025279543
2401,12401,3028990.2724386007
2402,12402,2596744.9559805123
2403,12403,2204930.350101863
2404,12404,3061311.105951984
2405,12405,4389483.254693697
2406,12406,1221919.3608267151
2407,12407,2809368.478195249
2408,12408,1361240.6657169654
2409,12409,2593527.816579986
2410,12410,4206088.664695004
2411,12411,2166074.6265847567
2412,12412,1668152.7104850898
2413,12413,1747065.6131745598
2414,12414,3131507.4666769244
2415,12415,3674581.178429677
2416,12416,3537294.2488966295
2417,12417,2861310.3633542247
2418,12418,2302647.2099107513
2419,12419,5361437.085399147
2420,12420,3872820.5032314714
2421,12421,3624878.5766056576
2422,12422,4742254.99736935
2423,12423,2180061.2668830394
2424,12424,2986825.4092000406
2425,12425,2374628.8204669235
2426,12426,1642916.6130401834
2427,12427,4837637.998226611
2428,12428,1196217.7096558393
2429,12429,3612666.0064777257
2430,12430,2859205.681385445
2431,12431,6657674.561114253
2432,12432,2218233.511076244
2433,12433,2087288.3370076925
2434,12434,2957622.4887773837
2435,12435,2138761.3696252685
2436,12436,2492678.9961709175
2437,12437,1826711.594014936
2438,12438,2503422.5090062153
2439,12439,1364889.4816410537
2440,12440,6443497.590371335
2441,12441,6450641.532376743
2442,12442,2522133.3729759497
2443,12443,2277890.057133488
2444,12444,2678132.672615534
2445,12445,8529745.774915032
2446,12446,3236064.7642811583
2447,12447,3166432.4912586394
2448,12448,3835777.2605110165
2449,12449,3249617.4509550873
2450,12450,2667408.0281248474
2451,12451,2858188.8332839087
2452,12452,2413934.522238529
2453,12453,2390262.091515844
2454,12454,1325972.7757795784
2455,12455,5106507.858000253
2456,12456,1241172.5674743045
2457,12457,3762628.332564529
2458,12458,1876388.1920981999
2459,12459,2801809.1222819216
2460,12460,3298883.0582065494
2461,12461,3098166.221820632
2462,12462,2155321.2174697164
2463,12463,5372016.078330483
2464,12464,2487783.3327446715
2465,12465,2473719.8580833236
2466,12466,2571853.850676826
2467,12467,2194973.447556132
2468,12468,3563583.1774370093
2469,12469,2306139.1136644357
2470,12470,2514742.5414852886
2471,12471,2193286.1122187483
2472,12472,2155539.545876321
2473,12473,2766897.2074664687
2474,12474,13494406.596589345
2475,12475,3099305.8351169704
2476,12476,5837584.0697859805
2477,12477,2669125.3323027184
2478,12478,1680430.3894041432
2479,12479,2228726.7353237923
2480,12480,3291322.1065410716
2481,12481,4561037.674456767
2482,12482,2875541.573709658
2483,12483,2645705.176338342
2484,12484,5767247.233916764
2485,12485,4393587.412477148
2486,12486,3329942.4096683795
2487,12487,5419682.535547471
2488,12488,1962063.246598678
2489,12489,3335440.735248948
2490,12490,4301637.156018158
2491,12491,3073935.1546101174
2492,12492,2266933.2529725237
2493,12493,3358986.3276296696
2494,12494,2196391.9044072162
2495,12495,2345812.014506926
2496,12496,962300.7471424247
2497,12497,3551289.8103862717
2498,12498,2243875.1839898154
2499,12499,2654257.537853387
2500,12500,2137348.449133367
2501,12501,2130204.2824629876
2502,12502,2693189.6944655254
2503,12503,1529458.1460428727
2504,12504,5842405.212304034
2505,12505,4243939.558655672
2506,12506,4161323.913807625
2507,12507,1396487.611131602
2508,12508,1437163.2838570185
2509,12509,4116601.520789021
2510,12510,6547496.112925836
2511,12511,2267961.1576720825
2512,12512,3403342.74721877
2513,12513,2810462.036600231
2514,12514,1575581.521471361
2515,12515,2572532.3322991757
2516,12516,1121265.094866176
2517,12517,1885201.9588757565
2518,12518,2999505.363769778
2519,12519,2313793.73967087
2520,12520,5058112.336930697
2521,12521,4166755.5610102024
2522,12522,2991874.194182326
2523,12523,1500182.846381856
2524,12524,2378580.1418300117
2525,12525,2179525.3498814288
2526,12526,1427947.0327097902
2527,12527,3685842.94047184
2528,12528,3077147.792929368
2529,12529,1521868.1423131654
2530,12530,3538111.8562937253
2531,12531,4930925.065636552
2532,12532,1542326.956108833
2533,12533,3390921.0619701594
2534,12534,2862176.6614791844
2535,12535,1446355.8855220547
2536,12536,5661708.534242094
2537,12537,2793071.829749855
2538,12538,8532768.199665982
2539,12539,4362258.714034982
2540,12540,2753992.941662023
2541,12541,3052890.9445595467
2542,12542,2097134.7145041213
2543,12543,2838920.7422815426
2544,12544,2015868.762781332
2545,12545,1713092.030688354
2546,12546,2375419.431694971
2547,12547,4159128.1098933164
2548,12548,3119470.138260804
2549,12549,3001124.273788023
2550,12550,2239083.236361581
2551,12551,2070611.0475750826
2552,12552,5837634.637874929
2553,12553,3490406.11200267
2554,12554,5412218.663159441
2555,12555,3193216.6805699044
2556,12556,3465399.0592666925
2557,12557,2633660.8659527255
2558,12558,1645959.0084790431
2559,12559,2657459.0067294464
2560,12560,1410457.6876288874
2561,12561,3646638.1064520194
2562,12562,3349059.6602127906
2563,12563,4454573.552260792
2564,12564,2962314.8972694324
2565,12565,1372722.3543177554
2566,12566,2036400.7008452788
2567,12567,3906136.7427056916
2568,12568,3050494.656620491
2569,12569,2021769.945631544
2570,12570,1615955.68206969
2571,12571,2718905.1246691234
2572,12572,5323612.383529765
2573,12573,3278285.570149249
2574,12574,2388455.641152394
2575,12575,2630695.893461773
2576,12576,2658525.864181843
2577,12577,4414260.4599183705
2578,12578,2340475.9342072057
2579,12579,6919378.451142886
2580,12580,2509513.834966672
2581,12581,2857041.140506902
2582,12582,1858952.153781862
2583,12583,3960873.9375084746
2584,12584,2182269.1494001835
2585,12585,3419377.029327717
2586,12586,5403433.519688896
2587,12587,3265064.916162378
2588,12588,2807945.9742815522
2589,12589,1748056.8710834912
2590,12590,6529259.17610652
2591,12591,650533.5488214908
2592,12592,2224562.8478504107
2593,12593,2703003.648811311
2594,12594,8973544.32994518
2595,12595,4028520.915654223
2596,12596,1936565.1447606792
2597,12597,2062040.9819961642
2598,12598,2946128.064018128
2599,12599,2131325.1760710436
2600,12600,2127909.085415017
2601,12601,2655548.8522581644
2602,12602,3718339.3678364386
2603,12603,4560897.222896064
2604,12604,4484280.995436143
2605,12605,1960524.616231098
2606,12606,1365450.3430488533
2607,12607,2331555.944542899
2608,12608,4673601.434791523
2609,12609,2786094.410079232
2610,12610,3361866.432235892
2611,12611,1372606.336654184
2612,12612,2250565.9431269267
2613,12613,3228196.8100799946
2614,12614,2677085.480825021
2615,12615,3581208.473898515
2616,12616,5467500.34162081
2617,12617,2917023.138449386
2618,12618,1515464.3080421805
2619,12619,2077226.6325114076
2620,12620,3405047.17785757
2621,12621,1757927.6492908734
2622,12622,2580761.339802608
2623,12623,4777389.6379866665
2624,12624,3637781.533521366
2625,12625,4978611.0698903585
2626,12626,3399067.7398681287
2627,12627,2381032.654737909
2628,12628,6735722.636786537
2629,12629,3676227.8301598667
2630,12630,4158204.2993801627
2631,12631,3143752.531542028
2632,12632,2015868.762781332
2633,12633,2184650.629948541
2634,12634,1417653.2030724604
2635,12635,2492001.984584664
2636,12636,2451979.7037127893
2637,12637,3075373.066959934
2638,12638,5526143.206613473
2639,12639,3124884.699244602
2640,12640,6663145.332351099
2641,12641,1866194.4681787428
2642,12642,5304070.790903772
2643,12643,4362258.714034982
2644,12644,2267900.042321579
2645,12645,2283081.2223640266
2646,12646,3614219.9242673335
2647,12647,2745628.8201351576
2648,12648,2364605.885397136
2649,12649,3176281.2278716243
2650,12650,4343808.446936048
2651,12651,8595297.14404032
2652,12652,2404266.2399608013
2653,12653,3361478.2804523795
2654,12654,3091396.2208671668
2655,12655,1638031.4403478072
2656,12656,1126276.1847071734
2657,12657,3544781.6744511668
2658,12658,1572162.6815823454
2659,12659,3322888.2238702653
2660,12660,2265192.6775462534
2661,12661,9033002.922171082
2662,12662,2580614.7885153634
2663,12663,3993886.6617763094
2664,12664,1594841.188826159
2665,12665,1469962.7227790614
2666,12666,4432040.228975034
2667,12667,3979824.3363812123
2668,12668,3255616.464122527
2669,12669,1265714.6500837575
2670,12670,1475954.88075766
2671,12671,7879035.120755169
2672,12672,2532060.223167154
2673,12673,972216.9072061486
2674,12674,1404035.081474216
2675,12675,3528679.5901955254
2676,12676,2181585.2354355464
2677,12677,4061787.4900605218
2678,12678,2940906.4869297305
2679,12679,2590358.054416383
2680,12680,4783679.177255236
2681,12681,2830815.0654167887
2682,12682,1805132.0211469168
2683,12683,3628899.365341082
2684,12684,1552928.0384797996
2685,12685,1995409.2098213313
2686,12686,5605361.093611094
2687,12687,2403604.7941236272
2688,12688,2503264.0799158774
2689,12689,2379671.3594442513
2690,12690,1812630.8653829773
2691,12691,7438738.897019892
2692,12692,5959154.735071235
2693,12693,6584918.406977512
2694,12694,7808249.31202862
2695,12695,2829439.923200842
2696,12696,1522935.89628443
2697,12697,4780843.266801555
2698,12698,3136754.5018495033
2699,12699,3322731.961997039
2700,12700,1296225.998093461
2701,12701,3432580.6879548184
2702,12702,2608998.57586233
2703,12703,3122204.7731151595
2704,12704,2656392.149277049
2705,12705,8065676.569743627
2706,12706,4360908.423397589
2707,12707,2852650.6711739707
2708,12708,2225822.9772868776
2709,12709,2722972.5170752676
2710,12710,3082778.1273383424
2711,12711,2375622.0571223972
2712,12712,3288237.7646867586
2713,12713,1306895.6866979855
2714,12714,1408648.2909778845
2715,12715,2256787.444626429
2716,12716,2312916.935232026
2717,12717,1352202.0727767095
2718,12718,2277047.465442244
2719,12719,5917344.61667811
2720,12720,1952216.23610916
2721,12721,2301752.311108062
2722,12722,1397486.272790263
2723,12723,1895417.9693030044
2724,12724,5349478.930612503
2725,12725,907208.2708440579
2726,12726,3404405.291485812
2727,12727,2342553.5363714634
2728,12728,2657459.0067294464
2729,12729,5029450.327732845
2730,12730,2154864.816172208
2731,12731,3661177.815407408
2732,12732,1063584.7310747115
2733,12733,4554048.616141615
2734,12734,1522968.0707845548
2735,12735,5940952.035017316
2736,12736,2780828.568558031
2737,12737,5119251.572393848
2738,12738,2548645.2999371705
2739,12739,2385336.0267249327
2740,12740,5296568.274916474
2741,12741,5018533.743297383
2742,12742,4082496.930881884
2743,12743,1849525.1684725813
2744,12744,2816670.1814839575
2745,12745,3320603.2398879724
2746,12746,2796642.8560153577
2747,12747,7689571.631253706
2748,12748,3944986.0165251126
2749,12749,14498695.747117322
2750,12750,4052298.870327319
2751,12751,7431960.6120820055
2752,12752,4488025.193261948
2753,12753,1271274.527192672
2754,12754,5191307.265683467
2755,12755,2957331.9603496655
2756,12756,1521868.1423131654
2757,12757,2783711.4859192977
2758,12758,2059779.4628494778
2759,12759,4237040.082078663
2760,12760,2593421.560538466
2761,12761,2622411.9163799556
2762,12762,3122204.7731151595
2763,12763,4155314.1203975976
2764,12764,2342469.2604582524
2765,12765,2792515.877716844
2766,12766,4411704.774873929
2767,12767,2570350.420837056
2768,12768,2112361.6073949956
2769,12769,3059935.114054381
2770,12770,3636959.743092322
2771,12771,5311314.335179658
2772,12772,3810075.8168079713
2773,12773,6578558.277148628
2774,12774,1284227.7555884211
2775,12775,2479222.090669739
2776,12776,1431096.6425179222
2777,12777,2123225.9925732813
2778,12778,2615133.4330005473
2779,12779,3857432.2471052483
2780,12780,2129567.1810569908
2781,12781,2461717.0698530725
2782,12782,3502661.3830422247
2783,12783,1915696.3295683558
2784,12784,4404270.707250532
2785,12785,3126353.4272168535
2786,12786,5031703.299448128
2787,12787,5845267.556961498
2788,12788,4630843.467429613
2789,12789,2146225.5418030964
2790,12790,2750082.92901364
2791,12791,2181185.5389413405
2792,12792,2932053.3102457263
2793,12793,1682924.0162492413
2794,12794,2620332.481903982
2795,12795,4047316.5346384514
2796,12796,2304244.5045000655
2797,12797,3075373.066959934
2798,12798,2560104.5774279516
2799,12799,4635679.415048723
2800,12800,3285819.995813663
2801,12801,1859252.9561588354
2802,12802,1614572.238789498
2803,12803,2196339.6283342578
2804,12804,5467319.81595922
2805,12805,2114238.106038096
2806,12806,2288089.995176311
2807,12807,2072306.8925785385
2808,12808,3079931.5201452873
2809,12809,2184159.911866105
2810,12810,2313654.871429529
2811,12811,2260321.992992227
2812,12812,3232645.924392143
2813,12813,8654047.494607631
2814,12814,1867334.0814750812
2815,12815,8418947.029264104
2816,12816,2241893.5037204693
2817,12817,4344752.094077114
2818,12818,1328733.0024193646
2819,12819,2375677.1710259644
2820,12820,1254003.8474423354
2821,12821,5547503.655725207
2822,12822,995676.3994530216
2823,12823,3911309.833577859
2824,12824,1940765.3937136251
2825,12825,5818711.677344439
2826,12826,2595658.1626071194
2827,12827,3373380.166084588
2828,12828,3090206.660730271
2829,12829,8955364.364481341
2830,12830,3824365.2327454197
2831,12831,2212809.6089032525
2832,12832,6698246.264885572
2833,12833,1605801.274387959
2834,12834,2805538.3226643354
2835,12835,2159723.071275454
2836,12836,2131265.2076634504
2837,12837,1293218.5114165337
2838,12838,1381642.6733814732
2839,12839,3237836.409600661
2840,12840,3504676.8083498958
2841,12841,3826795.4315808387
2842,12842,3163924.0614927863
2843,12843,2577412.423120437
2844,12844,1691643.2027146546
2845,12845,3519029.558577303
2846,12846,1758102.6569530973
2847,12847,2596899.7447584015
2848,12848,2640967.653219181
2849,12849,1334662.7219590184
2850,12850,10796663.01804103
2851,12851,1314451.6637345068
2852,12852,2280410.1462664125
2853,12853,1918238.8828907
2854,12854,7460725.483285164
2855,12855,2795138.305739583
2856,12856,5966844.186669255
2857,12857,4598054.405619519
2858,12858,3097651.5396855297
2859,12859,1900985.911275461
2860,12860,2964867.1043053623
2861,12861,2947772.919237426
2862,12862,4668346.222569711
2863,12863,1786535.3608015971
2864,12864,1249501.9120383726
2865,12865,2260559.778469501
2866,12866,2577720.8602416012
2867,12867,5374777.1156488815
2868,12868,2431250.7750928085
2869,12869,893371.6298600804
2870,12870,2329491.8738474646
2871,12871,3212131.996124122
2872,12872,2289007.8908649585
2873,12873,2548262.5868666195
2874,12874,3095968.6461270056
2875,12875,3039326.4724869546
2876,12876,7457307.97532958
2877,12877,1983749.394791511
2878,12878,1073941.294927601
2879,12879,5418804.557322696
2880,12880,1291807.1434759384
2881,12881,2915637.1640212727
2882,12882,2658272.717660325
2883,12883,2299265.299465934
2884,12884,1493051.3363531674
2885,12885,6454243.786330338
2886,12886,2574137.605828342
2887,12887,2305207.4574781796
2888,12888,2231239.6305873836
2889,12889,1387789.7168079135
2890,12890,1695246.251190472
2891,12891,2152623.028956096
2892,12892,5493388.106789154
2893,12893,1592781.8763911694
2894,12894,2573738.474538827
2895,12895,1006497.9866821852
2896,12896,2195322.780232722
2897,12897,1380202.9204178548
2898,12898,2686996.5347416606
2899,12899,1258302.1386249235
2900,12900,2481057.9710963354
2901,12901,3006731.5710717533
2902,12902,3373889.0926744454
2903,12903,5229363.79288426
2904,12904,2914674.752426897
2905,12905,4063045.412741251
2906,12906,2766897.2074664687
2907,12907,2217209.586393849
2908,12908,2435925.018997378
2909,12909,2200661.12725454
2910,12910,3871994.7627219544
2911,12911,3650321.3733683685
2912,12912,1884579.3996880036
2913,12913,4653771.384969024
2914,12914,1476320.5924072817
2915,12915,2279890.984494251
2916,12916,2277452.2811524863
2917,12917,3236333.712249713
2918,12918,2105746.593774881
2919,12919,4557793.954551665
2920,12920,4850249.765985236
2921,12921,2816670.1814839575
2922,12922,1693883.0242121266
2923,12923,6410473.463931189
2924,12924,3098163.4760127733
2925,12925,2935198.1197669017
2926,12926,2008549.6852004665
2927,12927,3061381.062777468
2928,12928,5530258.894488571
2929,12929,3236064.7642811583
2930,12930,13889745.724151429
2931,12931,1655279.1149948463
2932,12932,2698044.231004583
2933,12933,1369698.0790326647
2934,12934,2713461.3966492596
2935,12935,3113083.5241765203
2936,12936,4057107.2529269625
2937,12937,1585625.7299883242
2938,12938,2963769.9186522462
2939,12939,2179432.5612343363
2940,12940,5866783.181105627
2941,12941,2316662.7869009883
2942,12942,5641475.296154309
2943,12943,6454243.786330338
2944,12944,2104422.8551457105
2945,12945,1959265.5048302335
2946,12946,3887622.2671528286
2947,12947,1341484.4133784946
2948,12948,10852281.950253498
2949,12949,17596297.240886264
2950,12950,2536189.882500814
2951,12951,6472121.036945968
2952,12952,1706107.8831299143
2953,12953,2640215.90774255
2954,12954,2057066.7093300968
2955,12955,1619927.768362498
2956,12956,3000235.0377194453
2957,12957,2631771.948136102
2958,12958,2243875.1839898154
2959,12959,1106122.8323938411
2960,12960,2384159.254242653
2961,12961,3254070.7966381502
2962,12962,2311222.4798401278
2963,12963,2164540.2511301567
2964,12964,3748628.9679091903
2965,12965,9057470.87721726
2966,12966,2059858.1537396125
2967,12967,9548557.472896457
2968,12968,1649867.2395268308
2969,12969,2095258.298207107
2970,12970,4051450.96633991
2971,12971,2124952.051581365
2972,12972,6017212.787809502
2973,12973,2323717.2919652723
2974,12974,3067943.618025043
2975,12975,807670.8979496793
2976,12976,3465135.9261844773
2977,12977,3636289.2192999665
2978,12978,1383446.6578434345
2979,12979,7460342.164223601
2980,12980,2044027.2124913419
2981,12981,3146300.255491948
2982,12982,6638036.84501583
2983,12983,2723273.2800211892
2984,12984,5408282.939255429
2985,12985,2852817.0915755294
2986,12986,1347901.3456196494
2987,12987,2541807.4319242164
2988,12988,7074920.326544002
2989,12989,3744720.375069608
2990,12990,4138276.6988723315
2991,12991,1969214.4079249578
2992,12992,3924325.335884879
2993,12993,8112103.42074398
2994,12994,7869900.453960008
2995,12995,3241641.646052303
2996,12996,4067341.611713603
2997,12997,6647075.175329214
2998,12998,2078990.9656624314
2999,12999,3212406.879926481
3000,13000,2424943.2128589456
3001,13001,2218758.374827367
3002,13002,3876469.122478993
3003,13003,5837587.68674513
3004,13004,2307242.5925403032
3005,13005,5304070.790903772
3006,13006,2326368.532860686
3007,13007,1484524.4293698522
3008,13008,3174910.359999608
3009,13009,2728910.6114878366
3010,13010,1177406.2450078838
3011,13011,1580225.3123138507
3012,13012,3212324.6248797877
3013,13013,2402089.4312641155
3014,13014,4034965.6866358565
3015,13015,3011552.0555631937
3016,13016,5376925.957150089
3017,13017,2337402.1617726046
3018,13018,4362105.8655780405
3019,13019,2211168.3914157557
3020,13020,2389351.641648098
3021,13021,2752541.550562668
3022,13022,2336877.398585403
3023,13023,2874073.0413925853
3024,13024,4093251.30645982
3025,13025,3006649.828478764
3026,13026,2388488.946245066
3027,13027,2166071.844789708
3028,13028,6528887.432463645
3029,13029,1477316.9803858597
3030,13030,2035352.26352009
3031,13031,4341242.102958725
3032,13032,2769523.865174511
3033,13033,2106740.0176511644
3034,13034,1297066.9327912324
3035,13035,1555161.4303836066
3036,13036,3051242.210469857
3037,13037,5346671.257928585
3038,13038,1101123.4020889543
3039,13039,1351980.1739576224
3040,13040,2345823.9954004306
3041,13041,5407115.209330949
3042,13042,4314678.757632351
3043,13043,3230366.697799466
3044,13044,2422347.980140132
3045,13045,2867398.973981733
3046,13046,3153896.8315308504
3047,13047,2711194.6067766836
3048,13048,2137967.412330765
3049,13049,4466378.894829611
3050,13050,1939437.2834245167
3051,13051,1487670.8197825835
3052,13052,5280150.2752861455
3053,13053,2938154.581568307
3054,13054,2102570.889106484
3055,13055,3588168.3362310543
3056,13056,3206963.7342638164
3057,13057,2505547.7363306307
3058,13058,1468432.0187282423
3059,13059,4717832.285435442
3060,13060,2176080.48185043
3061,13061,2106740.0176511644
3062,13062,2274616.9394964543
3063,13063,2689004.946576314
3064,13064,2707722.4185481896
3065,13065,2405955.4763606167
3066,13066,1797941.9609076395
3067,13067,5459274.296519682
3068,13068,1340382.2418774192
3069,13069,1986136.7135114535
3070,13070,4215106.0089547895
3071,13071,1404074.576968878
3072,13072,6131148.96467934
3073,13073,2624568.0037991446
3074,13074,1805879.9087317537
3075,13075,5204620.703442271
3076,13076,2182269.1494001835
3077,13077,1488458.470194655
3078,13078,2415620.3526483933
3079,13079,3885216.0360851698
3080,13080,4736836.9918523375
3081,13081,2222316.243419125
3082,13082,2568740.3544691135
3083,13083,4614800.398452516
3084,13084,3467527.4564099726
3085,13085,2384271.7856713636
3086,13086,2602689.126964623
3087,13087,6642053.668685137
3088,13088,2151915.6114775827
3089,13089,2769138.994682581
3090,13090,21222100.777111504
3091,13091,2628651.1452348786
3092,13092,2749059.644750017
3093,13093,4310864.331138421
3094,13094,1649101.767792238
3095,13095,3935686.301910959
3096,13096,3469088.9646542748
3097,13097,2136883.178568652
3098,13098,2402591.9212044613
3099,13099,2423018.0650979127
3100,13100,2739835.4171184334
3101,13101,2134713.7999236174
3102,13102,6128042.40321324
3103,13103,2961986.756558592
3104,13104,6626322.539068513
3105,13105,2387246.109688716
3106,13106,3011552.0555631937
3107,13107,6548377.478106794
3108,13108,6266930.390855676
3109,13109,1752448.2729043067
3110,13110,2019660.0215951817
3111,13111,1623303.0504890168
3112,13112,2301971.5862986674
3113,13113,2591358.437934951
3114,13114,2997438.7991324575
3115,13115,2507439.1901570805
3116,13116,1403836.371487071
3117,13117,2517601.3862453853
3118,13118,2470214.405388133
3119,13119,3046067.582139036
3120,13120,3754122.6136533865
3121,13121,4647181.795119408
3122,13122,2039501.1025841255
3123,13123,2204536.490717663
3124,13124,6174035.510202851
3125,13125,4224482.058725047
3126,13126,2100773.3934296216
3127,13127,5395123.71055632
3128,13128,1236733.167691999
3129,13129,1867358.6330235894
3130,13130,2015868.762781332
3131,13131,2446013.7132008546
3132,13132,2104693.023729868
3133,13133,991330.9114146773
3134,13134,3084682.8719931263
3135,13135,3566565.9542282443
3136,13136,2623899.1176104727
3137,13137,2674878.1490875776
3138,13138,5347841.637296556
3139,13139,7281009.602470993
3140,13140,1315104.7897292166
3141,13141,1910293.1752830716
3142,13142,1802890.2339308045
3143,13143,2986645.9047544487
3144,13144,1715047.3383385034
3145,13145,1456441.075501302
3146,13146,3274150.2495138617
3147,13147,2388488.946245066
3148,13148,2324126.745644574
3149,13149,944552.401416069
3150,13150,3149255.9214933785
3151,13151,1271089.7132771802
3152,13152,2961664.357012165
3153,13153,1856351.3291328552
3154,13154,2690009.6295510833
3155,13155,1610339.1865376502
3156,13156,1169559.9897514912
3157,13157,3051916.595525281
3158,13158,1221621.213618956
3159,13159,6314230.86180869
3160,13160,3465803.5155647816
3161,13161,5927041.412009874
3162,13162,5729431.095664396
3163,13163,2388455.641152394
3164,13164,1053231.8674701785
3165,13165,2941219.912144291
3166,13166,5112240.646121094
3167,13167,2005423.2845700653
3168,13168,2331175.3606973398
3169,13169,2999019.9878548924
3170,13170,3851069.0432311445
3171,13171,1179353.382344187
3172,13172,1476166.3594902267
3173,13173,2201255.0002451106
3174,13174,2303921.689753097
3175,13175,6977613.051599905
3176,13176,1403836.371487071
3177,13177,873181.5957284214
3178,13178,7729494.517556734
3179,13179,3116360.881734931
3180,13180,3102237.542072155
3181,13181,4823583.421305654
3182,13182,2304187.540004958
3183,13183,3291322.1065410716
3184,13184,3051371.851637325
3185,13185,2831261.826351613
3186,13186,3607952.622076854
3187,13187,1459966.061698712
3188,13188,2314694.4521627417
3189,13189,3183586.963458938
3190,13190,2101134.6177908764
3191,13191,5975521.701249395
3192,13192,2307412.7048002584
3193,13193,1411740.6611408987
3194,13194,2069786.9214338786
3195,13195,2218233.511076244
3196,13196,1803289.209324513
3197,13197,3105491.154479303
3198,13198,2397768.231629074
3199,13199,3507738.2030449444
3200,13200,2013886.6620190542
3201,13201,2170703.1905999547
3202,13202,4409193.984026846
3203,13203,1246558.508064931
3204,13204,3387332.9186667562
3205,13205,1944215.4912643232
3206,13206,2715882.8199744057
3207,13207,5597987.102458716
3208,13208,2333093.8945090226
3209,13209,6275050.087380906
3210,13210,2502355.8239813885
3211,13211,1413356.031884858
3212,13212,2895805.2183848415
3213,13213,2362460.3966352204
3214,13214,1545434.8207473492
3215,13215,2954482.0234743482
3216,13216,2813715.6490073786
3217,13217,3119470.138260804
3218,13218,6934813.946570887
3219,13219,1276049.2541767545
3220,13220,4366577.0851717265
3221,13221,2609664.850435371
3222,13222,2311796.0416239696
3223,13223,4562329.942792378
3224,13224,1986381.2937656476
3225,13225,3669518.6687386464
3226,13226,3339774.018917602
3227,13227,2539355.7545582047
3228,13228,2762149.8480181405
3229,13229,2796360.6198471007
3230,13230,2479277.975723131
3231,13231,10247805.659427088
3232,13232,1716523.7201993086
3233,13233,1288644.8807895905
3234,13234,5505034.668043695
3235,13235,2274101.551805913
3236,13236,3371472.6319018034
3237,13237,1242424.5570633456
3238,13238,3214411.222716799
3239,13239,6591801.98548842
3240,13240,2885914.5194065054
3241,13241,2164147.5512055517
3242,13242,2277452.2811524863
3243,13243,1419155.542241166
3244,13244,1362361.5593250217
3245,13245,1253630.507683646
3246,13246,1893425.9043792852
3247,13247,2701560.9116743775
3248,13248,3255138.550609415
